priority,id,story,kind,plain_decision,jev_score,jev_note,superseded_by,original_text,owner_decision,owner_note
1,M10-S02-NOTE-3,M10-S02,OWNER-INPUT,"Decide the Zoho validation rule that Matched_By must differ from Created_By on receipts (M10-S02-NOTE-3; M10-S02-NOTE-8 is the same item). Proposed default: create it for refund receipts only, so D113's same-hand match on Finance-recorded receipts still works and D22's second hand on refunds is enforced by Zoho too (D113 #1, D114, docs/ACCESS-PLAN.md line 67). The 4 Oct ruling says this stays with you and nothing is built for it.",,Not a Jev question: a value only the owner can set; default drawn from the cited launch/ops doc,,,,
1,OWNER-INPUT-BRIEFSIGN,M20-S01,OWNER-INPUT,"Name the person who signs the product brief and fill the sign-off date. Proposed default: you, as owner; the brief stays Not signed off until all seven targets and the date are filled (product-brief.md section 5, TC-E17-001).",,Not a Jev question: a value only the owner can set; default drawn from the cited launch/ops doc,,,,
1,OWNER-INPUT-KPI-K1,M20-S01,OWNER-INPUT,"Set the target for KPI K1, First-touch speed (IR Manager). Proposed default: median 1 working day from lead assignment to the owner's first touch; at most 5% of leads with Missed first touch (source: docs/launch/product-brief.md section 4; no numeric target or baseline in the docs, so this is the build team's proposal).",,Not a Jev question: a value only the owner can set; default drawn from the cited launch/ops doc,,,,
1,OWNER-INPUT-KPI-K2,M20-S01,OWNER-INPUT,"Set the target for KPI K2, Lead to said-yes rate (IR Manager). Proposed default: measure only for the first two monthly cohorts, then set the target from that baseline (no number proposed) (source: product-brief.md section 4 and its note that no target is set from a single reading).",,Not a Jev question: a value only the owner can set; default drawn from the cited launch/ops doc,,,,
1,OWNER-INPUT-KPI-K3,M20-S01,OWNER-INPUT,"Set the target for KPI K3, Said-yes to allotted time (Head of Finance). Proposed default: median 7 days from Said_Yes_At to Issued; 90% allotted within 14 days (source: product-brief.md section 4; numbers are a proposal, no baseline exists).",,Not a Jev question: a value only the owner can set; default drawn from the cited launch/ops doc,,,,
1,OWNER-INPUT-KPI-K4,M20-S01,OWNER-INPUT,"Set the target for KPI K4, Money banked against plan (Business owner). Proposed default: 100% of the plan value for the period (source: product-brief.md section 4 (formula is banked divided by plan); depends on Sales_Plans being filled).",,Not a Jev question: a value only the owner can set; default drawn from the cited launch/ops doc,,,,
1,OWNER-INPUT-KPI-K5,M20-S01,OWNER-INPUT,"Set the target for KPI K5, Reconciliation health (Head of Finance). Proposed default: 0 statement lines needing an owner at week end; 0 unmatched receipts older than 48 hours (source: product-brief.md section 4; the 48-hour line is the build book's money check).",,Not a Jev question: a value only the owner can set; default drawn from the cited launch/ops doc,,,,
1,OWNER-INPUT-KPI-K6,M20-S01,OWNER-INPUT,"Set the target for KPI K6, Investor service speed (Head of Account Management). Proposed default: median first reply within 1 working day; median 5 days from open to closed (source: product-brief.md section 4; aligned to the support model's same-working-day S2 clock, numbers are a proposal).",,Not a Jev question: a value only the owner can set; default drawn from the cited launch/ops doc,,,,
1,OWNER-INPUT-KPI-K7,M20-S01,OWNER-INPUT,"Set the target for KPI K7, Console reliability (Sahil). Proposed default: at least 99% of hourly production checks pass; 0 open P1 older than one working day; 0 identity-leak incidents (source: product-brief.md section 4 (leak target expected zero); the 99% is a proposal and needs hosting for the hourly check).",,Not a Jev question: a value only the owner can set; default drawn from the cited launch/ops doc,,,,
1,OWNER-INPUT-ONCALL-ESCALATION,M18-S10,OWNER-INPUT,"Agree the escalation chain. Proposed default: person with the guide, then the seat's lead (IR Manager, Head of Finance, Head of AM; Compliance and DI go straight on), then Sahil (any S1 at once), then the deputy if Sahil does not answer within the S1 clock, then you for rollback, restore or investor notice, then counsel for a leak (docs/launch/support-model.md sections 4 and 5; docs/ops/runbook.md section 1). Names for deputy, counsel and vendor contacts are yours to give.",,Not a Jev question: a value only the owner can set; default drawn from the cited launch/ops doc,,,,
1,OWNER-INPUT-ONCALL-HOURS,M18-S10,OWNER-INPUT,"Say the working days and hours of cover, and whether there is out-of-hours cover. Proposed default: Monday to Friday, 09:30 to 18:00 IST, covering the daily 17:30 health review; no out-of-hours cover beyond alert emails to Sahil, with 'S1 within 1 hour' applying in working hours only (docs/ops/hypercare.md, docs/ops/runbook.md section 1). The hours themselves are a proposal; the docs only assume Monday to Friday.",,Not a Jev question: a value only the owner can set; default drawn from the cited launch/ops doc,,,,
1,OWNER-INPUT-ONCALL-WHO,M18-S10,OWNER-INPUT,"Name who is on call: primary and deputy. Proposed default: primary Sahil (hypercare lead, calls rollback); deputy a named second person from Digital Infrastructure or the Administrator seat, to be named by you (docs/ops/runbook.md section 1, docs/ops/hypercare.md Who). Until a deputy is named the answer is 'Sahil, and nobody else', which the runbook calls a risk to state at go/no-go.",,Not a Jev question: a value only the owner can set; default drawn from the cited launch/ops doc,,,,
1,OWNER-INPUT-ROLLBACK-DECIDER,M18-S10,OWNER-INPUT,"Name who decides rollback, restore or telling investors, and the backup for Sahil's rollback call in the first 48 hours. Proposed default: you decide restore and investor notice; Sahil calls rollback, the deputy calls it if Sahil is out (docs/launch/go-live-checklist.md section 4, docs/ops/hypercare.md Who).",,Not a Jev question: a value only the owner can set; default drawn from the cited launch/ops doc,,,,
1,OWNER-INPUT-SALESPLAN,M20-S01,OWNER-INPUT,"Say who enters the Sales_Plans values that KPI K4 is measured against. Proposed default: the Business owner (the proposed K4 owner), reviewed by the Head of Finance (docs/launch/product-brief.md sections 4 and 6).",,Not a Jev question: a value only the owner can set; default drawn from the cited launch/ops doc,,,,
1,OWNER-INPUT-SLA-S1,M20-S04,OWNER-INPUT,"Agree the support response times for S1 (money, identity or another person's records at risk, or a seat cannot do a Must task at all). Proposed default: first response the same working day (within 1 hour in working hours during hypercare); decision the same day; fixed and retested, or rolled back (docs/launch/support-model.md section 3; only the S1 same-working-day floor is fixed by the story, the rest is proposed).",,Not a Jev question: a value only the owner can set; default drawn from the cited launch/ops doc,,,,
1,OWNER-INPUT-SLA-S2,M20-S04,OWNER-INPUT,"Agree the support response times for S2 (task fails or is wrong but can be done another way). Proposed default: first response the same working day; decision next working day; fixed, or a written workaround the seat holder accepts (docs/launch/support-model.md section 3; only the S1 same-working-day floor is fixed by the story, the rest is proposed).",,Not a Jev question: a value only the owner can set; default drawn from the cited launch/ops doc,,,,
1,OWNER-INPUT-SLA-S3,M20-S04,OWNER-INPUT,"Agree the support response times for S3 (wording, layout or a Should step). Proposed default: first response within 3 working days; decision at the weekly review; batched after go-live (docs/launch/support-model.md section 3; only the S1 same-working-day floor is fixed by the story, the rest is proposed).",,Not a Jev question: a value only the owner can set; default drawn from the cited launch/ops doc,,,,
1,OWNER-INPUT-SLA-S4,M20-S04,OWNER-INPUT,"Agree the support response times for S4 (a question, request or wish, not a fault). Proposed default: first response within 3 working days; an answer is given; a request goes to change control (docs/launch/support-model.md section 3; only the S1 same-working-day floor is fixed by the story, the rest is proposed).",,Not a Jev question: a value only the owner can set; default drawn from the cited launch/ops doc,,,,
1,OWNER-INPUT-SUPPORT-INTAKE,M20-S04,OWNER-INPUT,"Give the support mailbox or form address and say where the defects list lives after go-live. Proposed default: one shared mailbox read by Sahil, with the list staying in autopilot/console/BLOCKED.md until a tracker is chosen (docs/launch/support-model.md sections 1, 2, 7); the address itself is yours to give.",,Not a Jev question: a value only the owner can set; default drawn from the cited launch/ops doc,,,,
1,M12-S03-NOTE-1,M12-S03,PROVISIONAL,"Sign status rows come from CRM fields (not a service token read of Zoho Sign); Send/Verify only for Finance, Head, DI and ops until OD8.",0.00,"Fresh Jev ruling (D106 question, grounded on cited decisions, nine rules, story acceptance): confirm 0.00, reverse 1.00, owner 0.00; leans reverse; cites D53 D45 D48 D70 D72",,"PROVISIONAL: Jev chose reading Zoho Sign with the service token (0.07), which breaks D53, so rows come from CRM *_Sign_Req_Id/*_Signed_Via/*_Verified_At fields and a per-viewer Sign reader hook is left unwired; Send/Verify only for fin, head, di and ops until OD8.",,
1,M16-S08-NOTE-5,M16-S08,PROVISIONAL,Live Service view is only for KAM / Head of AM; Finance and other money seats get 'no book' live while the demo shows it.,0.02,"Fresh Jev ruling (D106 question, grounded on cited decisions, nine rules, story acceptance): confirm 0.02, reverse 0.84, owner 0.14; leans reverse; cites D40 D45 D53 D70 D72",,"PROVISIONAL: live Service is served only to KAM / Head of AM; Finance and other money seats get 403 no-book while the demo serves them; pool row drops the ""on a concern"" flag.",,
1,M01-S01-NOTE-3,M01-S01,FACT CHANGE PROPOSED,The side menu as built gives Finance no Transfers or Profile and gives KAM / Head of AM extra pages; change either the menu or the acceptance text.,0.04,"Fresh Jev ruling (D106 question, grounded on cited decisions, nine rules, story acceptance): confirm 0.04, reverse 0.90, owner 0.06; leans reverse; cites D26 D27 D28 D33 D40 D60 D110 D68",,"FACT CHANGE PROPOSED: The rail (lib/selectors/access.ts navFor/MERGE) gives Finance no Transfers or Profile and gives KAM/Head of AM extra Numbers and Teams with no Profile, unlike the acceptance; the server guard enforces the rail as built, so Finance is refused /xfer and those seats /me until the rail or the acceptance changes.",,
1,M10-S02-NOTE-5,M10-S02,PROVISIONAL,The demo half serves the client demo book via the data layer so one copy of the demo book exists while screens are unwired.,0.04,"Fresh Jev ruling (D106 question, grounded on cited decisions, nine rules, story acceptance): confirm 0.04, reverse 0.95, owner 0.01; leans reverse; cites D10 D93 D19 D21 D22 D70 D73",,"PROVISIONAL: wiring fixture half serves the client demo book through lib/data/api (routes answer fixture mode with nothing), to keep one copy of the demo book while unwired reducer screens still write to it (rule 1).",,
1,M09-S09-NOTE-5,M09-S09,PROVISIONAL,"The demo mirrors the server: an add-paid allotment is Issued when the amount covers units x price, else Reserved.",0.05,"Fresh Jev ruling (D106 question, grounded on cited decisions, nine rules, story acceptance): confirm 0.05, reverse 0.91, owner 0.04; leans reverse; cites D45 D52 D93",,"PROVISIONAL: fixture mirrors the route — Issued when the amount covers units × price, else Reserved.",,
1,M01-S01-NOTE-4,M01-S01,PROVISIONAL,"'Farm ops' is treated as Finance Operations because it has no Zoho role; you confirm which Zoho role it is. Viewer, BU owner and channel partner see nothing until grants exist.",0.06,"Fresh Jev ruling (D106 question, grounded on cited decisions, nine rules, story acceptance): confirm 0.06, reverse 0.27, owner 0.67; leans owner; cites D80 D26 D27 D28 D33 D40 D60 D110 D68","D113 #5b/#5c: Farm ops not provisioned, persona kept; bu = business owner; seats assigned by Sahil","PROVISIONAL: 'Farm ops' has no D80 role and is covered as Finance Operations (Investors seat ops); owner to confirm which Zoho role is Farm ops. Viewer, BU Owner and channel partner are refused on every page until grants exist (M03-S02).",,
1,M03-S02-NOTE-2,M03-S02,PROVISIONAL,Access grants are kept in an app-side append-only file for now; production must configure it or grants are lost on restart.,0.07,"Fresh Jev ruling (D106 question, grounded on cited decisions, nine rules, story acceptance): confirm 0.07, reverse 0.79, owner 0.14; leans reverse; cites D40 D60 D110 D69",,"PROVISIONAL: Grants are kept in an app-side append-only store (GRANT_STORE=jsonl, GRANT_DIR) per Jev (1.00) while OD9 stays open; production must set both or grants are lost on restart and granted-only seats are refused.",,
1,M09-S09-NOTE-6,M09-S09,FACT CHANGE PROPOSED,Change the story's acceptance: there is no app account until the first matched receipt (D93).,0.07,"Fresh Jev ruling (D106 question, grounded on cited decisions, nine rules, story acceptance): confirm 0.07, reverse 0.91, owner 0.02; leans reverse; cites D93 D45 D52","Owner ruling 4 Oct (D115 #1): app access stays Hold on every path (add-paid, match, other) until a person with the release right releases it; a match never opens it; D113 #3: all test-case fact changes approved; applied to ui-cases.json in D114","FACT CHANGE PROPOSED: AC2/AC3 say the Contact is created with App_Access = Hold; under D93 App_Access stays empty until the first matched receipt (the add-paid receipt is Pending). AC should read ""no app account until the first matched receipt (D93)"".",,
1,M10-S02-NOTE-9,M10-S02,PROVISIONAL,"A receipt recorded while the supplementary is unverified stays Pending, so an add-paid investor's app account never opens on that money; you confirm.",0.07,"Fresh Jev ruling (D106 question, grounded on cited decisions, nine rules, story acceptance): confirm 0.07, reverse 0.70, owner 0.23; leans reverse; cites D10 D93 D19 D21 D22 D70 D73","Owner ruling 4 Oct (D115 #1): app access stays Hold on every path (add-paid, match, other) until a person with the release right releases it; a match never opens it; D113 #1: a receipt recorded by Finance is matched (D114 built it)","PROVISIONAL: a receipt recorded while the supplementary is unverified stays Pending (paper rule kept) and is matched later by hand or by the statement; add-paid receipts stay Pending (their allotment has no Supplementary_Verified_At), so the app account never opens on that money — owner to confirm.",,
1,M12-S02-NOTE-3,M12-S02,PROVISIONAL,"Until you rule on OD8, upload rights are: Finance, Head of Finance and DI on all investor papers; Compliance on personal papers; IR only the lead NDA.",0.07,"Fresh Jev ruling (D106 question, grounded on cited decisions, nine rules, story acceptance): confirm 0.07, reverse 0.40, owner 0.53; leans owner; cites D45 D48 D53 D70 D71",,"PROVISIONAL: Upload seats until OD8 - Finance, Head of Finance and DI on all Investors-side scopes, Compliance on personal papers only, IR/channel partner/IR Manager only the lead NDA on leads they own or cover.",,
1,M12-S09-NOTE-3,M12-S09,PROVISIONAL,An IR Manager reads lead emails only on leads they own or cover until a team reader exists.,0.07,"Fresh Jev ruling (D106 question, grounded on cited decisions, nine rules, story acceptance): confirm 0.07, reverse 0.81, owner 0.12; leans reverse; cites D17 D45 D53 D69 D110 D72",,PROVISIONAL: An IR Manager reads lead emails only on leads they own or cover until a team (subtree) reader exists.,,
1,M14-S03-NOTE-3,M14-S03,FACT CHANGE PROPOSED,Leads carry the Lead_Event lookup instead of Event_Name/Date/Channel fields.,0.07,"Fresh Jev ruling (D106 question, grounded on cited decisions, nine rules, story acceptance): confirm 0.07, reverse 0.87, owner 0.06; leans reverse; cites D45 D59 D60 D110 D68 D84",,FACT CHANGE PROPOSED: Leads have no Event_Name/Event_Date/Event_Channel; loaded leads carry the lookup Leads.Lead_Event.,,
1,M16-S08-NOTE-3,M16-S08,PROVISIONAL,Service stays on the demo book; At risk is by days since last receipt; Compliance loses the Aadhaar column; per-farm split not shown.,0.07,"Fresh Jev ruling (D106 question, grounded on cited decisions, nine rules, story acceptance): confirm 0.07, reverse 0.85, owner 0.08; leans reverse; cites D40 D45 D53 D70 D72",,PROVISIONAL: Service stays on the book (no route); At risk now by days since last receipt; Compliance drops the Aadhaar column (rule 7); per-LLP Collection split not rendered (route returns LLP ids without names).,,
1,M05-S08-NOTE-3,M05-S08,FACT CHANGE PROPOSED,"Conversations are stored as Touches against the origin Lead, not on the Contact; accept that or add a Contact link to Touches.",0.08,"Fresh Jev ruling (D106 question, grounded on cited decisions, nine rules, story acceptance): confirm 0.08, reverse 0.81, owner 0.11; leans reverse; cites D12 D40 D53",,"FACT CHANGE PROPOSED: Conversations are stored in Touches against the origin Lead, not on the Contact as AC4 says; accept Touches-on-Lead or add a Contact lookup to Touches.",,
1,M20-S01-NOTE-1,M20-S01,OWNER,"You set the 7 KPI targets, who enters Sales_Plans values and who signs the product brief.",0.08,"Fresh Jev ruling (D106 question, grounded on cited decisions, nine rules, story acceptance): confirm 0.08, reverse 0.25, owner 0.67; leans owner; cites D62 D66",,"OWNER: 7 KPI targets, who enters Sales_Plans values and who signs the brief are open (docs/launch/product-brief.md).",,
1,M09-S07-NOTE-4,M09-S07,PROVISIONAL,"A search term of one letter or under 4 digits is refused as too short, and the page has no farm filter.",0.09,"Fresh Jev ruling (D106 question, grounded on cited decisions, nine rules, story acceptance): confirm 0.09, reverse 0.86, owner 0.05; leans reverse; cites D69 D110 D53 D52",,PROVISIONAL: one letter or <4 digits is a 400 term-too-short as the route does (demo used to filter on one character); no farm filter control on the page.,,
1,M11-S05-NOTE-6,M11-S05,PROVISIONAL,"The letter's verification stamp is written before the stage change, so a refused allotment leaves the letter marked verified.",0.09,"Fresh Jev ruling (D106 question, grounded on cited decisions, nine rules, story acceptance): confirm 0.09, reverse 0.86, owner 0.05; leans reverse; cites D19 D45 D48 D54 D70",,"PROVISIONAL: The letter's verification stamp is written before the transition because the blueprint condition reads it, so a refused allotment leaves the letter verified.",,
1,M12-S04-NOTE-5,M12-S04,PROVISIONAL,"Until OD8, send/remind/recall/verify/block rights are Finance, Head, ops and DI on all papers, plus Compliance on the FEMA declaration.",0.09,"Fresh Jev ruling (D106 question, grounded on cited decisions, nine rules, story acceptance): confirm 0.09, reverse 0.63, owner 0.28; leans reverse; cites D17 D45 D48 D52 D68 D72",,"PROVISIONAL: Send, remind, recall, verify and block seats are fin, head, ops and di on every paper plus comp on the FEMA declaration, until OD8.",,
1,M12-S06-NOTE-2,M12-S06,FACT CHANGE PROPOSED,The old Contacts.Agreement_signed picklist is not written; the signed stamp stays Supplementary_Verified_At; confirm or retire the picklist.,0.09,"Fresh Jev ruling (D106 question, grounded on cited decisions, nine rules, story acceptance): confirm 0.09, reverse 0.87, owner 0.04; leans reverse; cites D19 D22 D45 D52 D70 D72",,FACT CHANGE PROPOSED: Contacts.Agreement_signed (Yes/No picklist) exists but is not written; the signed stamp stays Supplementary_Verified_At - confirm or retire the legacy picklist.,,
1,M13-S03-NOTE-1,M13-S03,PROVISIONAL,A reply on a case is stored as a Note and sent to the app as case.replied.,0.09,"Fresh Jev ruling (D106 question, grounded on cited decisions, nine rules, story acceptance): confirm 0.09, reverse 0.72, owner 0.19; leans reverse; cites D12 D48 D53",,PROVISIONAL: A reply is stored as a Note on the Case and pushed as case.replied; requestToCase now writes Related_To and Case_Origin (the org's names).,,
1,M11-S05-NOTE-7,M11-S05,PROVISIONAL,"With several Reserved allotments, one press allots only the first.",0.10,"Fresh Jev ruling (D106 question, grounded on cited decisions, nine rules, story acceptance): confirm 0.10, reverse 0.51, owner 0.39; leans reverse; cites D19 D45 D48 D54 D70",,PROVISIONAL: with several Reserved allotments one press allots the first.,,
1,M12-S04-NOTE-6,M12-S04,PROVISIONAL,A live signing send needs a Zoho Sign template that the panel does not yet let the user pick; DSC and wet signature both map to email OTP.,0.10,"Fresh Jev ruling (D106 question, grounded on cited decisions, nine rules, story acceptance): confirm 0.10, reverse 0.79, owner 0.11; leans reverse; cites D17 D45 D48 D52 D68 D72",,"PROVISIONAL: live send needs a Zoho Sign templateId the panel does not pick (sends """"); DSC and wet signature both map to email-otp.",,
1,M18-S15-NOTE-1,M18-S15,PROVISIONAL,"Page security headers are strict (nonce CSP, HSTS), no HSTS preload until hosting is chosen, and rate limits are per-instance until a shared store exists.",0.10,"Fresh Jev ruling (D106 question, grounded on cited decisions, nine rules, story acceptance): confirm 0.10, reverse 0.85, owner 0.05; leans reverse; cites D47",,"PROVISIONAL: page CSP uses a per-request nonce + strict-dynamic (every page rendered per request); style-src keeps unsafe-inline; HSTS sent on every response, no preload until hosting (AP4); rate limits in-process keyed on the right-most X-Forwarded-For hop — needs a shared store if more than one instance.",,
1,M01-S01-NOTE-6,M01-S01,PROVISIONAL,"The live session book has blank names, and a signed-out person is sent to '/' without remembering their page.",0.11,"Fresh Jev ruling (D106 question, grounded on cited decisions, nine rules, story acceptance): confirm 0.11, reverse 0.82, owner 0.07; leans reverse; cites D26 D27 D28 D33 D40 D60 D110 D68",,"PROVISIONAL: live session book has blank names (session holds only a Zoho id and a seat token); the template sends a signed-out person to ""/"" without remembering the page asked for.",,
1,M18-S08-NOTE-2,M18-S08,PROVISIONAL,Defect-fix time targets in the UAT guide are proposed by us (the source says only same-working-day response); some UAT scenarios are missing.,0.11,"Fresh Jev ruling (D106 question, grounded on cited decisions, nine rules, story acceptance): confirm 0.11, reverse 0.18, owner 0.71; leans owner; cites D54 D63 D64 D66",,"PROVISIONAL: defect triage SLAs in docs/uat/defect-intake.md are proposed (source only says same-working-day response); no scenario yet for the business owner, channel partners or the investor in the app; Farm ops blocked on its Zoho role (M03-S05-NOTE-2).",,
1,M08-S08-NOTE-8,M08-S08,PROVISIONAL,The code reads the app account mark fields and retries without them if Zoho refuses; App_Mark_At may not exist yet; Permanent is set in Zoho only.,0.13,"Fresh Jev ruling (D106 question, grounded on cited decisions, nine rules, story acceptance): confirm 0.13, reverse 0.80, owner 0.07; leans reverse; cites D10 D93 D19 D21 D52 D73",D113 #6: these Zoho fields are kept for later; code reads them when present,"PROVISIONAL: reads App_Account_Mark and App_Mark_At, retrying without them if Zoho refuses — Sahil: App_Mark_At may not exist yet; Permanent is set in Zoho, no console button live.",,
1,M09-S04-NOTE-7,M09-S04,PROVISIONAL,"Manager names come from the Zoho user list; investor tier is computed from issued units (A 4+, B 2-3, C 1) since no Tier field exists.",0.13,"Fresh Jev ruling (D106 question, grounded on cited decisions, nine rules, story acceptance): confirm 0.13, reverse 0.81, owner 0.06; leans reverse; cites D12 D40 D53",,"PROVISIONAL: manager names come from the Zoho user list on the head's token (null → ""a manager"" if refused); tier computed from issued units (A 4+, B 2–3, C 1) — no Tier field.",,
1,M12-S03-NOTE-4,M12-S03,PROVISIONAL,"The lead-side document list shows NDA rows only, without document class or Issued/Filed states.",0.13,"Fresh Jev ruling (D106 question, grounded on cited decisions, nine rules, story acceptance): confirm 0.13, reverse 0.83, owner 0.04; leans reverse; cites D45 D48 D53 D70 D72",,PROVISIONAL: lead-side list shows NDA rows only as the route does; document class and Issued/Filed states gone.,,
1,M17-S02-NOTE-3,M17-S02,PROVISIONAL,A manager change is refused unless the new manager is the changer or someone they manage.,0.13,"Fresh Jev ruling (D106 question, grounded on cited decisions, nine rules, story acceptance): confirm 0.13, reverse 0.80, owner 0.07; leans reverse; cites D60 D110 D61 D53 D22 D47 D68",,PROVISIONAL: A manager change is refused when the new manager is neither the changer nor someone they manage (the prototype only checks that the manager exists).,,
1,M01-S01-NOTE-7,M01-S01,PROVISIONAL,"Google Fonts links were removed (Inter embedded, mono falls back to system) and the shell keeps two screen-reader live regions instead of one.",0.14,"Fresh Jev ruling (D106 question, grounded on cited decisions, nine rules, story acceptance): confirm 0.14, reverse 0.79, owner 0.07; leans reverse; cites D26 D27 D28 D33 D40 D60 D110 D68",,"PROVISIONAL: Google Fonts links removed from the layout (TC-IM01-001: Inter is embedded; mono now falls back to system monospace — embed IBM Plex Mono as a data URL if it must stay); the shell keeps two polite live regions (#live, #save-status) though TC-IM01-001 says one.",,
1,M09-S02-NOTE-3,M09-S02,PROVISIONAL,Only an account with no KAM counts as 'No manager' until the current-KAM reader is wired.,0.14,"Fresh Jev ruling (D106 question, grounded on cited decisions, nine rules, story acceptance): confirm 0.14, reverse 0.56, owner 0.30; leans reverse; cites D12 D40 D52 D53",,"PROVISIONAL: With no active-KAM reader wired, only an account with no KAM counts as 'No manager'; an account whose KAM has left counts once a reader of current KAM seats is wired.",,
1,M10-S20-NOTE-1,M10-S20,PROVISIONAL,The 60-month payout schedule starts from the allotment's Investment_Date because no issue-date field exists.,0.14,Jev score already in the BLOCKED line (0.14); lowest used,,"PROVISIONAL: The 60-month payout schedule is anchored on the allotment's Investment_Date until an issue-date field exists (Jev 0.14, low); LLP_UnitAllocation_Module has no Issued_On, and the data layer now reads Investment_Date instead.",,
1,M05-S07-NOTE-5,M05-S07,PROVISIONAL,Some claim and queue rows are demo-only; a 'send a new one' row kind is an owner decision (M05-S07-NOTE-2).,0.15,"Fresh Jev ruling (D106 question, grounded on cited decisions, nine rules, story acceptance): confirm 0.15, reverse 0.37, owner 0.48; leans owner; cites D21 D40 D45 D72",,"PROVISIONAL: claim row ""from <IR>"" is fixture-only (route row does not name the IR); super user's Account Management queue still from the book; the route has no send/declined paper row — a ""send a new one"" row kind is an owner decision (M05-S07-NOTE-2).",,
1,M12-S04-NOTE-7,M12-S04,FACT CHANGE PROPOSED,"'Everything on file' follows the server (FEMA, supplementary, allocation letter only): 29 documents instead of 45 on the demo; the lead-side Documents page is not wired.",0.15,"Fresh Jev ruling (D106 question, grounded on cited decisions, nine rules, story acceptance): confirm 0.15, reverse 0.54, owner 0.31; leans reverse; cites D17 D45 D48 D52 D68 D72",,"FACT CHANGE PROPOSED: M12-S03 ""Everything on file"" follows the route (FEMA, supplementary, allocation letter only — no NDA, no receipts): 29 not 45 on the demo; the lead-side Documents page (features/docs/DocsPage.tsx) is not wired.",,
1,M08-S04-NOTE-7,M08-S04,PROVISIONAL,Investors-side 'Extend the hold' does nothing in the demo (shows pending approval); releasing a hold now needs the extra Zoho confirmation (D22).,0.16,"Fresh Jev ruling (D106 question, grounded on cited decisions, nine rules, story acceptance): confirm 0.16, reverse 0.67, owner 0.17; leans reverse; cites D22 D9 D19 D21 D48 D55 D70",,"PROVISIONAL: Investors-side Extend has no reducer, so the fixture returns pending-approval and writes nothing; release now sits behind the D22 step-up.",,
1,M09-S08-NOTE-5,M09-S08,PROVISIONAL,"An IR sees their investor's mobile and email but no address, nominee, KYC or money; Zoho field security must still hide identity fields.",0.16,"Fresh Jev ruling (D106 question, grounded on cited decisions, nine rules, story acceptance): confirm 0.16, reverse 0.74, owner 0.10; leans reverse; cites D69 D110 D52 D53 D54",,"PROVISIONAL: IR sees their investor's mobile/email (irContacts projection) but no address, nominee, KYC or money; state cannot tell Paid from Reserved for an IR; other-IR record by id is 403 live / 404 fixture. Zoho FLS for the IR profile (M09-S08-NOTE-1) still has to hide identity fields.",,
1,M17-S01-NOTE-5,M17-S01,PROVISIONAL,The Teams person drawer still reads the demo book; availability and clash tags are missing live.,0.16,"Fresh Jev ruling (D106 question, grounded on cited decisions, nine rules, story acceptance): confirm 0.16, reverse 0.68, owner 0.16; leans reverse; cites D60 D110 D59 D53 D40 D33 D68",,PROVISIONAL: the Teams person drawer still reads the book; availability/clash/changed tags absent live.,,
1,M20-S04-NOTE-1,M20-S04,OWNER,"You agree the support response times, the support mailbox or form, and where the defects list lives after go-live.",0.16,"Fresh Jev ruling (D106 question, grounded on cited decisions, nine rules, story acceptance): confirm 0.16, reverse 0.05, owner 0.79; leans owner; cites D62 D66",,"OWNER: agree the proposed support response times, the support mailbox/form and where the defects list lives after go-live.",,
1,M01-S09-NOTE-2,M01-S09,PROVISIONAL,The top-bar wording 'Browser online · Zoho' is the builder's own and needs your OK.,0.17,"Fresh Jev ruling (D106 question, grounded on cited decisions, nine rules, story acceptance): confirm 0.17, reverse 0.77, owner 0.06; leans reverse; cites D41 D45",,"PROVISIONAL: live top-bar wording ""Browser online · Zoho"" / ""Live from Zoho, on your own sign-in"" is the builder's own.",,
1,M17-S01-NOTE-6,M17-S01,PROVISIONAL,Live availability shows only 'Left the company' or 'No absence recorded' because Zoho keeps no absences.,0.17,"Fresh Jev ruling (D106 question, grounded on cited decisions, nine rules, story acceptance): confirm 0.17, reverse 0.65, owner 0.18; leans reverse; cites D49 D52 D60 D110 D59 D53 D40 D33 D68",,"PROVISIONAL: live availability is only ""Left the company"" / ""No absence is recorded"" — Zoho keeps no absences (needs a source, D49).",,
1,M18-S14-NOTE-2,M18-S14,PROVISIONAL,Many API routes cannot be tested without Zoho (42 of 51 GET routes); in demo mode the data route shows full PAN/bank/UTR to every seat (test-only data).,0.17,"Fresh Jev ruling (D106 question, grounded on cited decisions, nine rules, story acceptance): confirm 0.17, reverse 0.80, owner 0.03; leans reverse; cites D52 D53 D60 D110 D68",,PROVISIONAL: 42 of 51 GET routes are marked needsSandbox (no judgeable body without Zoho); 47 body-input cases skipped (reach Zoho or 503 before reading the body). In fixture mode GET /api/data serves full pan/bank/utr to every seat (test-only book).,,
1,M02-S03-NOTE-1,M02-S03,FACT CHANGE PROPOSED,"Update test TC-E02-005's module list to the current modules (Lead_Events, Sales_Plans, no Paper module, claims in Receipts).",0.18,"Fresh Jev ruling (D106 question, grounded on cited decisions, nine rules, story acceptance): confirm 0.18, reverse 0.80, owner 0.02; leans reverse; cites D85 D82 D77 D79 D49 D52 D54",D113 #3: all test-case fact changes approved; applied to ui-cases.json in D114,"FACT CHANGE PROPOSED: TC-E02-005 lists Touches, Events, Paper, Payment_Claims, Plan — later decisions: Lead_Events (D85), Sales_Plans (D82), no Paper module (D77/D79), claims live in Receipts (D82). Module register: docs/zoho-module-register.md (API names of Receipts/Touches/Investor_Updates unverified).",,
1,M17-S02-NOTE-5,M17-S02,PROVISIONAL,A lead-side 403 step-up answer shows a message but no 'Confirm with Zoho' button yet.,0.18,"Fresh Jev ruling (D106 question, grounded on cited decisions, nine rules, story acceptance): confirm 0.18, reverse 0.71, owner 0.11; leans reverse; cites D60 D110 D61 D53 D22 D47 D68",,"PROVISIONAL: a lead-side 403 step-up answer shows the message but offers no ""Confirm with Zoho"" button yet.",,
1,M08-S04-NOTE-4,M08-S04,FACT CHANGE PROPOSED,A forfeit is recorded in the Refund receipt's Note; add a Forfeit value to Receipts.Kind to list forfeits as rows.,0.19,"Fresh Jev ruling (D106 question, grounded on cited decisions, nine rules, story acceptance): confirm 0.19, reverse 0.49, owner 0.32; leans reverse; cites D9 D19 D21 D22 D48 D55 D70",,"FACT CHANGE PROPOSED: Receipts.Kind has no Forfeit value, so the lapse carries the forfeit in the Refund receipt's Note; add Forfeit to the picklist to list forfeits as rows.",,
1,M09-S04-NOTE-6,M09-S04,PROVISIONAL,Per-KAM counts in the drawer still come from the demo book because the server returns only two totals.,0.19,"Fresh Jev ruling (D106 question, grounded on cited decisions, nine rules, story acceptance): confirm 0.19, reverse 0.73, owner 0.08; leans reverse; cites D12 D40 D53",,PROVISIONAL: per-KAM counts in the drawer still from the book (/am returns only two totals).,,
1,M10-S05-NOTE-5,M10-S05,PROVISIONAL,The weekly reconciliation runbook leaves the bank-statement upload weekday to Finance; bank charges with no receipt cannot be closed in the console.,0.19,"Fresh Jev ruling (D106 question, grounded on cited decisions, nine rules, story acceptance): confirm 0.19, reverse 0.43, owner 0.38; leans reverse; cites D21 D22 D71",,PROVISIONAL: docs/runbooks/weekly-reconciliation.md leaves the upload weekday to Finance; bank charges/debits with no receipt cannot be closed in the console.,,
1,M14-S02-NOTE-6,M14-S02,PROVISIONAL,The events staff picker still uses the demo list because there is no roster reader.,0.19,"Fresh Jev ruling (D106 question, grounded on cited decisions, nine rules, story acceptance): confirm 0.19, reverse 0.56, owner 0.25; leans reverse; cites D45 D48 D59 D68 D84",,PROVISIONAL: the events staff picker still uses assignees(state) — no roster reader (M14-S02-NOTE-5 staff part).,,
1,M18-S04-NOTE-4,M18-S04,PROVISIONAL,"Server error logs are kept in memory (last 2,000 lines) until you decide where logs are stored (D47).",0.19,"Fresh Jev ruling (D106 question, grounded on cited decisions, nine rules, story acceptance): confirm 0.19, reverse 0.61, owner 0.20; leans reverse; cites D47 D41",,"PROVISIONAL: Plane B error lines are kept in an in-memory buffer of 2,000 until D47 decides where Plane B is stored.",,
1,M19-S04-NOTE-2,M19-S04,PROVISIONAL,A test that ends in REVIEW only warns and does not fail the release gate; checked-and-true mutations are excluded from the 1% limit.,0.19,"Fresh Jev ruling (D106 question, grounded on cited decisions, nine rules, story acceptance): confirm 0.19, reverse 0.79, owner 0.02; leans reverse; cites D63",,"PROVISIONAL: A seeded-wrong case ending REVIEW warns but does not fail the gate, and mutations a person checked and found still true are excluded from the 1% rule through --reviewed (D63's baseline had 6 of 494 facts over 0.80).",,
1,M13-S01-NOTE-1,M13-S01,PROVISIONAL,Messages gain an optional sent-at time; investor updates are not pushed to the app yet because no schema existed.,0.20,"Jev score already in the BLOCKED line (0.2, 0.24); lowest used",,"PROVISIONAL: The envelope gains an optional sent_at stamped on each send attempt (Jev 0.2, low); investor updates are not pushed because contracts/ has no schema for them (Jev 0.24, low).",,
1,M14-S01-NOTE-4,M14-S01,PROVISIONAL,"The event page drops Owner/Total columns and payment bars because the events route returns only id, name and status.",0.20,"Fresh Jev ruling (D106 question, grounded on cited decisions, nine rules, story acceptance): confirm 0.20, reverse 0.57, owner 0.23; leans reverse; cites D45 D53 D59 D69 D110 D84",,"PROVISIONAL: events route serves only lead id, name, status — the event page drops Owner/Total columns and Fully paid/Investor bars; Upcoming/Completed still read Sheet-ready banners from state.SHEET.",,
1,M01-S02-NOTE-1,M01-S02,PROVISIONAL,"Three circular story dependencies were broken by dropping three links, which unlocked 83 stories.",0.21,"Fresh Jev ruling (D106 question, grounded on cited decisions, nine rules, story acceptance): confirm 0.21, reverse 0.18, owner 0.61; leans owner; cites D6 D30 D41 D53 D60 D110",,"PROVISIONAL (Jev decide, low confidence): the phase-2 queue was stuck on three dependency cycles (M03-S01>M01-S02>M01-S01, M10-S01<>M10-S07, M08-S02>M10-S02>M08-S03/M08-S02). Dropped the links M01-S02->M01-S01, M10-S01->M10-S07 and M08-S02->M10-S02 in pm/plan-merged/growize-console-plan.json and queue.json so 83 stories unlock. Server layers are built against recorded fixtures, so order does not matter for the build; owner to confirm or restore the links.",,
1,M12-S11-NOTE-6,M12-S11,PROVISIONAL,"The round view lacks Finance's 'not signed after all' note, and Finance queue ordering needs a batch route.",0.21,"Fresh Jev ruling (D106 question, grounded on cited decisions, nine rules, story acceptance): confirm 0.21, reverse 0.54, owner 0.25; leans reverse; cites D41 D45 D52 D53 D60 D110 D61 D72",,"PROVISIONAL: RoundView lacks Finance's ""not signed after all"" note; Finance queue ordering (rankForFinance) needs a batch route.",,
1,M13-S05-NOTE-8,M13-S05,PROVISIONAL,Delivery status is fetched one request per open row until a list route exists.,0.21,"Fresh Jev ruling (D106 question, grounded on cited decisions, nine rules, story acceptance): confirm 0.21, reverse 0.72, owner 0.07; leans reverse; cites D17 D45 D53 D73",,PROVISIONAL: deliveries are one GET per open row (N+1) until a list route exists.,,
1,M11-S02-NOTE-5,M11-S02,PROVISIONAL,Receipts and Payouts tabs on an allotment row show only where the demo book holds that allotment.,0.22,"Fresh Jev ruling (D106 question, grounded on cited decisions, nine rules, story acceptance): confirm 0.22, reverse 0.67, owner 0.11; leans reverse; cites D45 D54 D70",,PROVISIONAL: Receipts/Payouts tabs on an allotment row show only where the book holds the allotment.,,
1,M12-S01-NOTE-6,M12-S01,PROVISIONAL,"The route's attachment line shows only name, size and time, so the slot and uploader are no longer shown.",0.23,"Fresh Jev ruling (D106 question, grounded on cited decisions, nine rules, story acceptance): confirm 0.23, reverse 0.29, owner 0.48; leans owner; cites D45 D52 D53 D68 D70",,"PROVISIONAL: the route's AttachmentLine has only name, size, time — slot and uploader no longer shown.",,
1,M13-S06-NOTE-1,M13-S06,PROVISIONAL,Each investor update is pushed as one signed event per investor in the segment; a Notice is stored as category Other.,0.24,"Jev score already in the BLOCKED line (0.82, 0.24); lowest used",,"PROVISIONAL: contracts/update.published.json is added and each update is pushed as one signed event per investor in the segment (Jev 0.82); a Notice is written as Category Other (Jev 0.24, low).",,
1,M10-S23-NOTE-1,M10-S23,PROVISIONAL,The one-time test link says 'not configured' (503) until the app's endpoint is named; only the length of the reason is logged.,0.25,"Jev score already in the BLOCKED line (0.25, 0.54); lowest used",,"PROVISIONAL: The one-time test link comes from a TestLinkIssuer interface that answers 503 not-configured until MA1 names the app's endpoint (Jev 0.25, low); only a reason length code is logged and the words stay in the in-process register (Jev 0.54).",,
1,M09-S01-NOTE-2,M09-S01,PROVISIONAL,KYC 'NA' counts as its own value and not as 'not passed'; Paid counts only standing receipts; Due is units x price minus what stands.,0.26,"Fresh Jev ruling (D106 question, grounded on cited decisions, nine rules, story acceptance): confirm 0.26, reverse 0.25, owner 0.49; leans owner; cites D45 D48 D53 D70",,"PROVISIONAL: KYC 'NA' is reported as its own value and not counted as not passed; Paid counts only receipts that stand (refunds out); Due is units x price minus what stands on Reserved allotments, as the Payments register works it out.",,
1,M12-S11-NOTE-2,M12-S11,PROVISIONAL,"IR chases are stored as a count plus last-chase stamp on the Lead, with detail in a Touch and Note.",0.26,"Jev score already in the BLOCKED line (0.26, 0.73, 0.73); lowest used",,"PROVISIONAL: IR chases are a per-round count plus last-chase stamp and channel on the Lead with detail in the Touch and Note (Jev 0.26, low); every IR step of both rounds lives on the Lead (Jev 0.73); the IR's word for Finance is the round's Said_At/Said_By matched by round (Jev 0.73).",,
1,M03-S02-NOTE-5,M03-S02,PROVISIONAL,'Remove all access' has no server route and only runs in the demo.,0.27,"Fresh Jev ruling (D106 question, grounded on cited decisions, nine rules, story acceptance): confirm 0.27, reverse 0.55, owner 0.18; leans reverse; cites D40 D60 D110 D69",,"PROVISIONAL: ""Remove all access"" (resetCaps) has no route and still runs only the reducer.",,
1,M10-S01-NOTE-7,M10-S01,PROVISIONAL,A payments list route was added; the register shows no notes and 'Show the reference' is not built yet.,0.27,"Fresh Jev ruling (D106 question, grounded on cited decisions, nine rules, story acceptance): confirm 0.27, reverse 0.50, owner 0.23; leans reverse; cites D21 D45 D54 D70",,"PROVISIONAL: GET /api/payments did not exist and was added (guard-core + contract table); register rows carry no notes; ""Show the reference"" (TC-E15-009) not implemented.",,
1,M10-S08-NOTE-1,M10-S08,PROVISIONAL,"Show the two-farm investor, an on-hold app and a locked app only through a new demo investor (IM:MONEY_DEMO) so the existing demo list does not change.",0.27,"Fresh Jev ruling (D106 question, grounded on cited decisions, nine rules, story acceptance): confirm 0.27, reverse 0.14, owner 0.59; leans owner; cites D70 D48",,"PROVISIONAL: the two-farm investor, an app On hold and a locked app are shown only with the new fixture IM:MONEY_DEMO (added to pm/merge-audit/ui-sahil/fixtures-merged.json), because every demo investor in the prototype holds one block and changing the default book would change the prototype's Investors list. Owner to OK the catalogue entry.",,
1,M11-S07-NOTE-5,M11-S07,FACT CHANGE PROPOSED,Change test TC-IM06-012: the oversell check must run on the receipt drawer too; it passes only once that is wired.,0.27,"Fresh Jev ruling (D106 question, grounded on cited decisions, nine rules, story acceptance): confirm 0.27, reverse 0.58, owner 0.15; leans reverse; cites D21 D54",D113 #3: all test-case fact changes approved; applied to ui-cases.json in D114,FACT CHANGE PROPOSED: TC-IM06-012 goes through the receipt drawer; recordPay has no oversell gate — passes only once the receipt drawer routes through the oversell check.,,
1,M09-S04-NOTE-2,M09-S04,PROVISIONAL,Changing a KAM writes only KAM and KAM_Since; Zoho's workflow sets the intro date; the audit line holds user ids only.,0.28,"Jev score already in the BLOCKED line (0.28, 1); lowest used",,"PROVISIONAL: The console PUT writes only KAM and KAM_Since and leaves KAM_Intro_At to the Zoho workflow (Jev 0.28, low); 'logged with both names' is a Plane C line with user ids only, names coming from Zoho field history (Jev 1.00).",,
1,M10-S01-NOTE-5,M10-S01,PROVISIONAL,"Moved old receipts are marked Matched, with a note naming the source record.",0.28,"Fresh Jev ruling (D106 question, grounded on cited decisions, nine rules, story acceptance): confirm 0.28, reverse 0.42, owner 0.30; leans reverse; cites D21 D45 D54 D70",,"PROVISIONAL: Moved legacy receipts get Match_State Matched with a Note naming the source record and slot (Jev, low confidence).",,
1,M11-S05-NOTE-4,M11-S05,FACT CHANGE PROPOSED,The journey numbers the allotment step rung 8 'Allocated' rather than rung 7 as the story says; its gate does not read Issued status.,0.28,"Fresh Jev ruling (D106 question, grounded on cited decisions, nine rules, story acceptance): confirm 0.28, reverse 0.60, owner 0.12; leans reverse; cites D19 D45 D48 D54 D70",,"FACT CHANGE PROPOSED: The story says rung 7 ticks from the allotment, but journey.ts numbers it rung 8 'Allocated' and its alloc gate does not read Allocation_Status Issued or allotment.done.",,
1,M01-S03-NOTE-2,M01-S03,PROVISIONAL,"Digital Infrastructure gets 'all records' scope in code, but it cannot be used until Sahil's profile question is settled.",0.29,"Fresh Jev ruling (D106 question, grounded on cited decisions, nine rules, story acceptance): confirm 0.29, reverse 0.38, owner 0.33; leans reverse; cites D45 D46 D52 D47 D53 D69 D110",,"PROVISIONAL: Digital Infrastructure (ops/di) gets the 'all' scope in server/data/scope.ts, but an Administrator-profile seat cannot sign in yet, so that scope is unused until the owner resolves Sahil's profile.",,
1,M01-S10-NOTE-4,M01-S10,PROVISIONAL,"Extra-confirmation windows and lockouts live in memory, so a restart clears locks; there is no unlock button yet.",0.29,"Fresh Jev ruling (D106 question, grounded on cited decisions, nine rules, story acceptance): confirm 0.29, reverse 0.52, owner 0.19; leans reverse; cites D13 D19 D21 D22 D47 D68",,"PROVISIONAL: Step-up windows, failure counts and locks are kept in process memory, so a restart lifts locks; there is no unlock route yet (StepUp.unlock exists for Digital Infrastructure).",,
1,M08-S03-NOTE-6,M08-S03,PROVISIONAL,The server says a payment report is 'unmatched' while the demo records it as 'matched'; the live 'waiting' state comes from the gate payment.,0.29,"Fresh Jev ruling (D106 question, grounded on cited decisions, nine rules, story acceptance): confirm 0.29, reverse 0.65, owner 0.06; leans reverse; cites D9 D19 D21 D45 D47 D48 D70","D113 #1 / D114: Finance-recorded receipts are matched by the recorder, claims stay pending until Finance confirms","PROVISIONAL: the route answers ""unmatched"" while demo recordPay writes ""matched"" (M10-S02-NOTE-2); live ""waiting"" derived from the gate payment.",,
1,M01-S02-NOTE-3,M01-S02,PROVISIONAL,A person is signed out as 'revoked' only when Zoho clearly refuses the token refresh; network errors or server errors just fail that one request.,0.30,"Fresh Jev ruling (D106 question, grounded on cited decisions, nine rules, story acceptance): confirm 0.30, reverse 0.53, owner 0.17; leans reverse; cites D6 D30 D41 D53 D60 D110",,"PROVISIONAL: Only a definitive Zoho refusal (error body or 400/401) on token refresh signs a person out as 'revoked'; a network error, timeout or 5xx fails that one request and keeps the session (Jev, low confidence).",,
1,M12-S04-NOTE-3,M12-S04,FACT CHANGE PROPOSED,Only the Sign request id and signed-via fields are written to Zoho; status and sent time are read live from Zoho Sign.,0.30,"Fresh Jev ruling (D106 question, grounded on cited decisions, nine rules, story acceptance): confirm 0.30, reverse 0.69, owner 0.01; leans reverse; cites D77 D17 D45 D48 D52 D68 D72",,FACT CHANGE PROPOSED: Per D77 only *_Sign_Req_Id and *_Signed_Via are written; status and sent time are read live from Zoho Sign instead of being written to the record.,,
1,M14-S02-NOTE-5,M14-S02,PROVISIONAL,"Events updates go without a Modified_Time guard, and the staff picker uses the demo list since no roster reader exists.",0.30,"Fresh Jev ruling (D106 question, grounded on cited decisions, nine rules, story acceptance): confirm 0.30, reverse 0.42, owner 0.28; leans reverse; cites D45 D48 D59 D68 D84",,"PROVISIONAL: events routes return no Modified_Time, so PATCH goes without it; staff picker uses assignees(state) (no roster reader).",,
1,M20-S08-NOTE-2,M20-S08,FACT CHANGE PROPOSED,"Zoho Sign status is read live from Zoho Sign and not copied onto the Zoho record, so the stored copy that the task text asked for is not built.",0.30,"Fresh Jev ruling (D106 question, grounded on cited decisions, nine rules, story acceptance): confirm 0.30, reverse 0.51, owner 0.19; leans reverse; cites D77 D79 D72",,"FACT CHANGE PROPOSED: M20-S08-T03 says to store Sign status on the Zoho record, but D77 requires status to be read live from Zoho Sign and D79 created request-id/verification fields without a status field. The local webhook therefore verifies and re-fetches the request, resolves its stored request-id binding, and observes the event without duplicating status. M12-S06 must file the signed PDF plus completion certificate and set Agreement_Signed as one compensated act. Confirm whether D77 still governs or approve named status fields before code writes any status.",,
1,M01-S10-NOTE-7,M01-S10,PROVISIONAL,The chosen reveal reason is not kept across the Zoho step-up trip; the demo cannot complete a hold release.,0.31,"Fresh Jev ruling (D106 question, grounded on cited decisions, nine rules, story acceptance): confirm 0.31, reverse 0.63, owner 0.06; leans reverse; cites D13 D19 D21 D22 D47 D68",,"PROVISIONAL: the chosen reveal reason is not carried across the Zoho step-up round trip; fixture mode never opens a step-up, so the demo never reveals and a hold release cannot complete in fixture mode.",,
1,M12-S01-NOTE-7,M12-S01,PROVISIONAL,Typed-slot files carry the slot but not who uploaded; plain Attachments carry the uploader but no slot; unverified live.,0.31,"Fresh Jev ruling (D106 question, grounded on cited decisions, nine rules, story acceptance): confirm 0.31, reverse 0.54, owner 0.15; leans reverse; cites D45 D52 D53 D68 D70",,"PROVISIONAL: typed-slot files carry the slot but no uploader/time (Zoho file-upload value does not say who); plain Attachments carry the uploader but no slot; file-upload value keys copied from the uploader, unverified live.",,
1,M13-S02-NOTE-1,M13-S02,FACT CHANGE PROPOSED,Cases use Related_To for the investor and Ticket_Category for the category; the data projection should follow.,0.31,"Fresh Jev ruling (D106 question, grounded on cited decisions, nine rules, story acceptance): confirm 0.31, reverse 0.33, owner 0.36; leans owner; cites D12 D45 D53",,"FACT CHANGE PROPOSED: Cases has no Contact_Name or Category field; the investor is Related_To and the category Ticket_Category, so server/data/projections.ts cases should change as server/cases/register.ts reads them.",,
1,M13-S02-NOTE-3,M13-S02,PROVISIONAL,Head of AM's Cases read uses Zoho's role hierarchy on their own access until a team reader exists.,0.31,"Fresh Jev ruling (D106 question, grounded on cited decisions, nine rules, story acceptance): confirm 0.31, reverse 0.61, owner 0.08; leans reverse; cites D12 D45 D53",,PROVISIONAL: With no subtree reader the Head of AM's Cases read uses Owner-is-anyone on their own token under Zoho's role hierarchy; ownerWhere in server/cases/predicate.ts is proposed as the shared team predicate.,,
1,M13-S06-NOTE-2,M13-S06,FACT CHANGE PROPOSED,"Add Notice to update categories, NRI-only to audiences and an Audience_Predicate field; until then NRI-only publishing is refused.",0.31,"Fresh Jev ruling (D106 question, grounded on cited decisions, nine rules, story acceptance): confirm 0.31, reverse 0.32, owner 0.37; leans owner; cites D12 D45 D53 D70 D73",,"FACT CHANGE PROPOSED: Add Notice to Investor_Updates.Category, NRI only to Audience, and a text field Audience_Predicate; until then an NRI-only publish is refused.",,
1,M10-S03-NOTE-6,M10-S03,PROVISIONAL,"You add Claim_Of, Claim_Answer and Claim_Answer_Reason to Receipts and confirm an IR can read Notes on Receipts.",0.32,"Fresh Jev ruling (D106 question, grounded on cited decisions, nine rules, story acceptance): confirm 0.32, reverse 0.46, owner 0.22; leans reverse; cites D21 D45 D49 D52 D68 D70",D113 #6: these Zoho fields are kept for later; code reads them when present,"PROVISIONAL: Receipts has no answer fields — ""found""/""not found"" both land on Match_State ""Not found"" and are told apart by Note title. Sahil: add Claim_Of, Claim_Answer, Claim_Answer_Reason on Receipts; confirm an IR token can read Notes on Receipts.",,
1,M17-S01-NOTE-2,M17-S01,PROVISIONAL,A Zoho user whose status is not 'active' is treated as having left; confirm the status value on the sandbox.,0.32,"Fresh Jev ruling (D106 question, grounded on cited decisions, nine rules, story acceptance): confirm 0.32, reverse 0.14, owner 0.54; leans owner; cites D60 D110 D59 D53 D40 D33 D68",,PROVISIONAL: A Zoho user whose status is not 'active' is treated as left (seated from the role they still hold); confirm the deactivated status value and that GET /users?type=AllUsers returns them on the sandbox.,,
1,M19-S13-NOTE-1,M19-S13,PROVISIONAL,"The Jev 'decide' confidence threshold is measured at 0.50, and the build-audit answers are treated as REVIEW because accuracy was only 44%.",0.33,"Fresh Jev ruling (D106 question, grounded on cited decisions, nine rules, story acceptance): confirm 0.33, reverse 0.38, owner 0.29; leans reverse; cites D63 D106",,"PROVISIONAL: decide threshold measured 0.50 (38 controls, 34/34 right at ≥0.50); build-audit type UNTRUSTED (44%) — its answers now read REVIEW; the never-list forces ""owner"" on decide and scans only the caller's own text.",,
1,M16-S09-NOTE-4,M16-S09,PROVISIONAL,"The Investors-side switch for an IR is still decided by the store, not the server route.",0.34,"Fresh Jev ruling (D106 question, grounded on cited decisions, nine rules, story acceptance): confirm 0.34, reverse 0.57, owner 0.09; leans reverse; cites D13 D40 D53 D68",,"PROVISIONAL: the Investors-side switch for an IR is still decided by the store's sidesOf, not the route's side:null.",,
1,M08-S02-NOTE-1,M08-S02,FACT CHANGE PROPOSED,Four old Lead date fields do not exist in Zoho; gates read receipts and allotments instead. Create the fields or retire them from the register.,0.35,"Fresh Jev ruling (D106 question, grounded on cited decisions, nine rules, story acceptance): confirm 0.35, reverse 0.43, owner 0.22; leans reverse; cites D9 D44 D45 D52 D68 D70",,"FACT CHANGE PROPOSED: Leads.advance_confirmed_at, balance_confirmed_at, supp_verified_at and allotted_at (zoho/field-register.json) do not exist in live Zoho; gates read Receipts.Match_State, allotment units x unit price, Supplementary_Verified_At and Lead.NDA_Verified_At instead. Create the fields or retire them from the register.",,
1,M05-S06-NOTE-4,M05-S06,PROVISIONAL,Demo 'as of' time is frozen; holds-ending chip comes from the book; balance outstanding counts matched receipts only.,0.36,"Fresh Jev ruling (D106 question, grounded on cited decisions, nine rules, story acceptance): confirm 0.36, reverse 0.59, owner 0.05; leans reverse; cites D21 D41 D45 D53",,"PROVISIONAL: fixture ""as of"" is the frozen demo clock (00:00); holds-ending chip still from the book (no route); balance outstanding counts matched receipts only (D21).",,
1,M09-S03-NOTE-4,M09-S03,PROVISIONAL,"Investor record sections follow the route: Finance has no Care tab on an allotted investor, KAM sees Care on any, FEMA banner only for Money seats.",0.37,"Fresh Jev ruling (D106 question, grounded on cited decisions, nine rules, story acceptance): confirm 0.37, reverse 0.50, owner 0.13; leans reverse; cites D26 D35 D45 D48 D69 D110 D70",,"PROVISIONAL: record sections follow the route sectionsFor — Finance no Care tab on an allotted investor, KAM sees Care on any investor, FEMA banner only for seats that see Money (prototype showed it to all). Badge counts and gone-quiet banner still from the book until M05-S08/M12-S01/M13-S02 are wired.",,
1,M11-S01-NOTE-5,M11-S01,PROVISIONAL,The farm drawer shows contacts as 'SPOC 1/2' and uses a different PAN/GST mask live than in the fixture.,0.37,"Fresh Jev ruling (D106 question, grounded on cited decisions, nine rules, story acceptance): confirm 0.37, reverse 0.55, owner 0.08; leans reverse; cites D45 D54 D68 D70",,"PROVISIONAL: LLP drawer shows SPOCs as ""SPOC 1/2"" (LLP_Creation_Module has no role field); fixture masks PAN/GST with maskId, live uses maskPan (different format). freeUnits floored at 0 as the route does.",,
1,M15-S03-NOTE-4,M15-S03,PROVISIONAL,The Auditor's list of Finance people comes from a configured list of user ids; manager-team views wait on a team reader.,0.38,"Fresh Jev ruling (D106 question, grounded on cited decisions, nine rules, story acceptance): confirm 0.38, reverse 0.25, owner 0.37; leans confirm; cites D40 D44 D45 D47 D68 D13",,PROVISIONAL: The Auditor's Finance people come from ZOHO_FINANCE_USER_IDS; the module-to-kind table in server/activity/kinds.ts is ours; team ids for IR Manager/Head of AM need a subtree reader not yet wired.,,
1,M15-S05-NOTE-8,M15-S05,PROVISIONAL,Finance seats see a masked payment reference and must reveal it (masked for everyone by default); live reveal is untested.,0.38,"Fresh Jev ruling (D106 question, grounded on cited decisions, nine rules, story acceptance): confirm 0.38, reverse 0.48, owner 0.14; leans reverse; cites D13 D14 D22 D35 D47 D68",,"PROVISIONAL: Finance seats now also see a masked reference and must reveal it (masked by default for everyone, rule 7); live reveal untested against Zoho (needs sandbox).",,
1,M12-S01-NOTE-1,M12-S01,PROVISIONAL,"Personal documents are listed only for Finance, Head of Finance, Compliance, Digital Infrastructure, KAM (own book) and Head of AM; an IR sees counts only.",0.39,"Jev score already in the BLOCKED line (0.39, 0.92); lowest used",,"PROVISIONAL: Personal-scope documents are listed for Finance, Head of Finance, Compliance, Digital Infrastructure, KAM (own book) and Head of AM; audit, exec and bu see none (Jev 0.39, low); an IR gets allotment paperwork counts only, never personal documents (Jev 0.92); /api/documents is a session route with scopes decided in server/documents/scope.ts.",,
1,M09-S03-NOTE-3,M09-S03,PROVISIONAL,"An IR's investor record shows only Who they are, What they hold and Journey until you name the sections IRs may see.",0.40,"Fresh Jev ruling (D106 question, grounded on cited decisions, nine rules, story acceptance): confirm 0.40, reverse 0.16, owner 0.44; leans owner; cites D26 D35 D45 D48 D69 D110 D70",,"PROVISIONAL: An IR's record offers only Who they are, What they hold and Journey (IR_SECTIONS in server/investors/record.ts) until the owner names the sections allowed for IRs.",,
1,M10-S08-NOTE-2,M10-S08,PROVISIONAL,"Holdings blocks are one per allotment, not merged per farm; the investor record should be aligned to subtract matched refunds.",0.41,"Fresh Jev ruling (D106 question, grounded on cited decisions, nine rules, story acceptance): confirm 0.41, reverse 0.47, owner 0.12; leans reverse; cites D70 D48",,"PROVISIONAL: Blocks are one per allotment, not merged per LLP; totals are cross-checked against register.ts and allotment-receipts.ts (record.ts does not subtract matched refunds and should be aligned).",,
1,M09-S02-NOTE-5,M09-S02,PROVISIONAL,The Account Management rows still come from the demo book because no list route exists.,0.42,"Fresh Jev ruling (D106 question, grounded on cited decisions, nine rules, story acceptance): confirm 0.42, reverse 0.44, owner 0.14; leans reverse; cites D12 D40 D52 D53",,PROVISIONAL: AM rows are still the book's (no AM list route).,,
1,M10-S07-NOTE-4,M10-S07,PROVISIONAL,Promote 13 proposed UI test cases for stories without any into the main case file if approved.,0.42,"Fresh Jev ruling (D106 question, grounded on cited decisions, nine rules, story acceptance): confirm 0.42, reverse 0.23, owner 0.35; leans confirm; cites D63 D70 D54 D21 D45",,"PROVISIONAL: 13 proposed UI cases for stories with no/ui-todo cases (M10-S07/S09/S20/S21/S22/S23, M16-S02/S04) in docs/reports/p3-money-proposed-ui-cases.json — promote into ui-cases.json if approved; negative facts score 0.61–0.63 (borderline, D63).",,
1,M11-S07-NOTE-6,M11-S07,FACT CHANGE PROPOSED,"Change the story: a reservation that oversells is refused, but any money that did land is still recorded as unmatched.",0.42,"Fresh Jev ruling (D106 question, grounded on cited decisions, nine rules, story acceptance): confirm 0.42, reverse 0.51, owner 0.07; leans reverse; cites D21 D54",,"FACT CHANGE PROPOSED: M11-S07 AC1 says recording the advance is refused; D21/rule 3 say recording money is always allowed — built as: the reservation is refused, money against an existing reservation is always recorded. Proposed AC1: ""the reservation is refused, and any money that did land is recorded as unmatched"". Server allotment writers still lack the oversell guard (M11-S07-NOTE-3).",,
1,M12-S05-NOTE-8,M12-S05,PROVISIONAL,Zoho Sign callbacks have no stale-timestamp refusal and the investor-app route has no dead-letter list.,0.43,"Fresh Jev ruling (D106 question, grounded on cited decisions, nine rules, story acceptance): confirm 0.43, reverse 0.52, owner 0.05; leans reverse; cites D45 D47 D48 D72",,PROVISIONAL: no stale-timestamp refusal for Zoho Sign (HMAC covers the body only); investor-app route has no dead-letter list.,,
1,M11-S01-NOTE-1,M11-S01,FACT CHANGE PROPOSED,Farm (LLP) data now uses the real Zoho field names and yield/status mapping in the shelf code instead of the earlier guesses.,0.44,"Fresh Jev ruling (D106 question, grounded on cited decisions, nine rules, story acceptance): confirm 0.44, reverse 0.38, owner 0.18; leans confirm; cites D45 D54 D68 D70",,"FACT CHANGE PROPOSED: server/data/projections.ts and adapters.ts select Unit_Price, Insurer and Insured_Till, which LLP_Creation_Module lacks (it has Pet_Unit_Price, Insurance_Provider, Insurance_expiry_date), parse the '20%' yield picklist as 0 and map Fully Subscribed/On Hold to Draft; switch to the names and mapping in server/farms/shelf.ts.",,
1,M11-S02-NOTE-4,M11-S02,FACT CHANGE PROPOSED,"The allotment code uses the org's real field names (LLP, Reserved_Units, Issued_Units, Supplementary_Verified_At), not the story's names.",0.44,"Fresh Jev ruling (D106 question, grounded on cited decisions, nine rules, story acceptance): confirm 0.44, reverse 0.50, owner 0.06; leans reverse; cites D45 D54 D70",,"FACT CHANGE PROPOSED: The story names LLP_Lookup, committed units and Agreement_Signed; the org's allotment module has LLP, Reserved_Units/Issued_Units and Supplementary_Verified_At, which the code uses.",,
1,M10-S09-NOTE-2,M10-S09,FACT CHANGE PROPOSED,"Holdings and ARL transactions use the org's real Zoho field names, not the earlier guesses.",0.45,"Fresh Jev ruling (D106 question, grounded on cited decisions, nine rules, story acceptance): confirm 0.45, reverse 0.33, owner 0.22; leans confirm; cites D70 D45 D52",,"FACT CHANGE PROPOSED: server/data/projections.ts holdings/arlTransactions use Contact, Instrument_Type, Amount_Invested, Invested_On, Interest_Rate, Maturity_On, Date, but the org has Investor, Instrument_Class, Invested_Amount, Invested_Date, Interest_Rate_Pct, Maturity_Date, Txn_Date (holdings.ts uses the org's names).",,
1,M14-S03-NOTE-7,M14-S03,PROVISIONAL,"You add Sheet_Rows, Sheet_Filled_By, Sheet_Filled_At and Load_Rule to Lead_Events; until then Load works only from a pasted CSV.",0.45,"Fresh Jev ruling (D106 question, grounded on cited decisions, nine rules, story acceptance): confirm 0.45, reverse 0.21, owner 0.34; leans confirm; cites D45 D59 D60 D110 D68 D84",D113 #6: these Zoho fields are kept for later; code reads them when present,"PROVISIONAL: Zoho holds no sheet row counts, filled-by or load rule — Sahil: add Sheet_Rows, Sheet_Filled_By, Sheet_Filled_At, Load_Rule on Lead_Events; until a sheet source exists live Load works only from a pasted CSV.",,
1,M18-S01-NOTE-3,M18-S01,PROVISIONAL,"The daily credit projection assumes the credits header first appears at half the daily allowance, projected to Kolkata midnight, as an early warning.",0.46,"Fresh Jev ruling (D106 question, grounded on cited decisions, nine rules, story acceptance): confirm 0.46, reverse 0.28, owner 0.26; leans confirm; cites D47 D45 D46 D52 D53",,"PROVISIONAL: The daily credit projection assumes the header first appears at half the daily allowance (D47) and projects to Kolkata midnight, an early-warning estimate; the load-test page-to-API map must be checked against the front end's calls.",,
1,M09-S09-NOTE-2,M09-S09,PROVISIONAL,"An add-paid allotment is Issued when the amount covers units x price, otherwise Reserved with a 30-day hold; the money becomes one Pending receipt.",0.47,"Jev score already in the BLOCKED line (0.87, 0.47); lowest used",,"PROVISIONAL: The allotment is Issued when the amount covers units x price and Reserved with a 30-day Hold_Until otherwise, although the story's Zoho line says Issued always (Jev 0.87); the money paid becomes one Pending receipt through the allotment-receipts guard, not receipt-replay (Jev 0.47, low).",,
1,M10-S02-NOTE-7,M10-S02,OWNER,You decide whether a recorded receipt stays pending until someone presses 'Match it' (TC-IM05-006 fails until then).,0.48,"Fresh Jev ruling (D106 question, grounded on cited decisions, nine rules, story acceptance): confirm 0.48, reverse 0.32, owner 0.20; leans confirm; cites D21 D10 D93 D19 D22 D70 D73",D113 #1: a receipt recorded by Finance is matched (D114 built it),"BLOCKED ON OWNER: TC-IM05-006 fails until you decide whether a recorded receipt is pending until ""Match it"" (D21; M10-S02-NOTE-2/-6).",,
1,M15-S05-NOTE-7,M15-S05,PROVISIONAL,Digital Infrastructure checks the sign-in history weekly on Mondays and on demand; you confirm.,0.48,"Fresh Jev ruling (D106 question, grounded on cited decisions, nine rules, story acceptance): confirm 0.48, reverse 0.17, owner 0.35; leans confirm; cites D13 D14 D22 D35 D47 D68",,PROVISIONAL: sign-in history checked weekly on Monday plus on demand by Digital Infrastructure (ops/runbooks/sign-in-history.md) — owner confirms.,,
1,M04-S01-NOTE-2,M04-S01,PROVISIONAL,An unassigned lead is owned by a dedicated 'Unassigned' queue user (needs one seat); the alternative is that the manager who added it owns it.,0.49,Jev score already in the BLOCKED line (0.49); lowest used,,"PROVISIONAL: How is an unassigned lead represented in Zoho, where every record must have an Owner? → built as (b) a dedicated 'Unassigned' queue user owns it (Jev 0.49 vs 0.49 for (a) the adding manager owns it with Owner_Assigned_At empty; LOW CONFIDENCE). Needs a seat for that user, or choose (a) and the capture server changes one line (unassignedQueueUserId = the manager). Until decided, an unassigned capture is refused with 'the unassigned queue is not set up in Zoho yet'.",,
1,M08-S07-NOTE-2,M08-S07,FACT CHANGE PROPOSED,Use the blueprint's Contacts lifecycle field once it is created; until then the state label is worked out from allotments.,0.50,"Fresh Jev ruling (D106 question, grounded on cited decisions, nine rules, story acceptance): confirm 0.50, reverse 0.39, owner 0.11; leans confirm; cites D11 D43 D52 D53 D69 D110 D70",,FACT CHANGE PROPOSED: Set LIFECYCLE_FIELD in server/investors/lifecycle.ts to the blueprint's Contacts field once T01 creates it; until then the state label is derived from allotments and Said_Yes_At.,,
1,M10-S07-NOTE-3,M10-S07,PROVISIONAL,"After a receipt is saved, payment status is read from Zoho and also computed locally; a difference is flagged, never overwritten, and wrong receipts are fixed by reversal plus a new one.",0.50,"Jev score already in the BLOCKED line (0.5, 0.77); lowest used",,"PROVISIONAL: After a Receipt write the backend re-reads Payment_Status from Zoho and also computes it from Matched receipts (Refund out) against units x unit price, returning both and flagging a mismatch, never writing it (Jev 0.5); receipts are create-only, so a wrong allotment is fixed by reversal plus a new receipt (Jev 0.77).",,
1,M08-S03-NOTE-1,M08-S03,FACT CHANGE PROPOSED,"An IR's payment report is a Receipt with Match_State 'Claimed', since there is no Payment_Claims module.",0.52,"Fresh Jev ruling (D106 question, grounded on cited decisions, nine rules, story acceptance): confirm 0.52, reverse 0.44, owner 0.04; leans confirm; cites D82 D9 D19 D21 D45 D47 D48 D70",,"FACT CHANGE PROPOSED: There is no Payment_Claims module (D82 agrees), so the IR's payment report is a Receipts record with Match_State = Claimed.",,
1,M20-S07-NOTE-2,M20-S07,OWNER,You confirm with Zoho support whether a portal-user token/API exists before closing MA1.,0.53,"Fresh Jev ruling (D106 question, grounded on cited decisions, nine rules, story acceptance): confirm 0.53, reverse 0.25, owner 0.22; leans confirm; cites D73 D6 D26 D45",,"OWNER: confirm with Zoho support whether a portal-user token/API exists before closing MA1; the spike read docs through a summarising fetch, so ""not found"" is not proof of absence.",,
1,M10-S02-NOTE-2,M10-S02,PROVISIONAL,"On an investor's first matched money the app access is set to Hold (never opened), and the first matched Advance sets a 30-day hold deadline.",0.54,"Jev score already in the BLOCKED line (0.54, 0.56); lowest used","Owner ruling 4 Oct (D115 #1): app access stays Hold on every path (add-paid, match, other) until a person with the release right releases it; a match never opens it",PROVISIONAL: On an investor's first matched money match.ts writes Contacts.App_Access empty->Hold (guarded) beside account.opened tentative (Jev 0.54); the first matched Advance on a Reserved allotment sets Hold_Until = IST match day + 30 only when empty or earlier (Jev 0.56).,,
1,M11-S03-NOTE-1,M11-S03,FACT CHANGE PROPOSED,"Farm unit counts (allotted, reserved) are computed from allotments, flagging where Zoho's stored counts disagree.",0.55,"Fresh Jev ruling (D106 question, grounded on cited decisions, nine rules, story acceptance): confirm 0.55, reverse 0.39, owner 0.06; leans confirm; cites D15 D110 D45 D54 D70",,"FACT CHANGE PROPOSED: LLP Units_Reserved/Units_Issued/Units_Released are plain integer fields, so the shelf counts allotted and reserved-or-paid from allotments and flags recordedDiffers where the typed fields disagree.",,
1,M01-S03-NOTE-3,M01-S03,PROVISIONAL,"Several Zoho field names (Cases, holdings, transactions, allotments) come from our mapping and must be checked against the Zoho sandbox before live use.",0.56,"Fresh Jev ruling (D106 question, grounded on cited decisions, nine rules, story acceptance): confirm 0.56, reverse 0.05, owner 0.39; leans confirm; cites D45 D46 D52 D47 D53 D69 D110",,"PROVISIONAL: Field API names for Cases (Category, SLA_Due, Closed_At), ARL_Holdings, ARL_Transactions, allotment Issued_On/Annual_Rental_Yield and Contacts.Originating_IR come from money-types.ts and the Zoho mapping and must be confirmed against the sandbox (M02-S10) before live use.",,
1,M06-S03-NOTE-3,M06-S03,FACT CHANGE PROPOSED,"Reword M06-S03 acceptance to 'an IR' and the title to '(leads only, own book)' per D110.",0.56,"Fresh Jev ruling (D106 question, grounded on cited decisions, nine rules, story acceptance): confirm 0.56, reverse 0.40, owner 0.04; leans confirm; cites D110 D60 D69 D53",D113 #3: all test-case fact changes approved; applied to ui-cases.json in D114,"FACT CHANGE PROPOSED: M06-S03 acceptance lines 2–3 should read ""an IR"" and the title ""(leads only, own book)"" should follow D110.",,
1,M08-S08-NOTE-3,M08-S08,PROVISIONAL,"The first matched money sets the account mark to Tentative and app access to Hold, only when empty; only an Advance starts the hold.",0.56,Jev score already in the BLOCKED line (0.56); lowest used,"Owner ruling 4 Oct (D115 #1): app access stays Hold on every path (add-paid, match, other) until a person with the release right releases it; a match never opens it","PROVISIONAL: The first matched money also writes App_Account_Mark=Tentative and App_Mark_At with App_Access=Hold, only when empty, retrying with App_Access alone if Zoho refuses the mark (Jev 0.56); any first matched inbound money opens the account (D10), only an Advance starts the hold.",,
1,M11-S04-NOTE-4,M11-S04,PROVISIONAL,Release and take-back change only Units_Released and leave the farm's status alone; Sahil cannot release while on an Administrator profile.,0.56,Jev score already in the BLOCKED line (0.56); lowest used,,PROVISIONAL: Release and take-back write only Units_Released (Total_Units or 0) and leave LLP_Status untouched (Jev 0.56); Sahil cannot release while his seat is an Administrator profile.,,
1,M19-S01-NOTE-1,M19-S01,PROVISIONAL,The accessibility check exists but is not yet run automatically before commits or in CI; wire it once CI exists.,0.56,"Fresh Jev ruling (D106 question, grounded on cited decisions, nine rules, story acceptance): confirm 0.56, reverse 0.37, owner 0.07; leans confirm; cites D63",,PROVISIONAL: the a11y lint (npm run lint:a11y) is in place but not wired into a pre-commit hook or CI yet; wire it when CI exists. Controls the prototype leaves unlabelled carry a title rather than an aria-label so the UI cases still find them by their row.,,
1,M01-S03-NOTE-1,M01-S03,PROVISIONAL,An IR Manager sees team leads through Zoho's role hierarchy on their own access until a team reader is built.,0.58,Jev score already in the BLOCKED line (0.58); lowest used,,"PROVISIONAL: An IR Manager's team leads are read with no owner filter on the manager's own token, relying on Zoho's role hierarchy, until a server reader of the Zoho Users reporting_to subtree exists (Jev 0.58, low confidence).",,
1,M10-S03-NOTE-1,M10-S03,PROVISIONAL,"Both answers to a payment report currently mark it 'Not found', told apart by a Note, because Receipts has no answer fields.",0.59,Jev score already in the BLOCKED line (0.59); lowest used,,PROVISIONAL: With no answer fields on Receipts both answers move the Claimed report to Match_State 'Not found' and record which answer by a Zoho Note; the confirmed receipt's Note names the report (Jev 0.59).,,
2,M04-S02-NOTE-2,M04-S02,FACT CHANGE PROPOSED,"The duplicate-number check while typing runs on the person's own access, so a number in a book they cannot see is only caught when they press Add.",0.61,"Fresh Jev ruling (D106 question, grounded on cited decisions, nine rules, story acceptance): confirm 0.61, reverse 0.34, owner 0.05; leans confirm; cites D53 D45",,"FACT CHANGE PROPOSED: M04-S02-T01 says the duplicate lookup uses a service read across the org; CLAUDE.md rule 2 (D53) says a service token never serves a screen, so it was built on the person's own token instead. Consequence for acceptance 3: a number held in a book the IR cannot see is not known while typing; it is refused at Add by Zoho's duplicate check, with no name and no id. To keep ""known while typing"", the owner would have to allow a named service job for this in the ServiceJob list (a rule change), which was not done.",,
2,M13-S01-NOTE-5,M13-S01,PROVISIONAL,"The contracts test now covers 31 schemas, but the contracts README still says 30.",0.61,"Fresh Jev ruling (D106 question, grounded on cited decisions, nine rules, story acceptance): confirm 0.61, reverse 0.28, owner 0.11; leans confirm; cites D6 D45 D47 D73",,PROVISIONAL: all-events.test.cjs covers 31 schemas incl. update.published; contracts/README still says 30.,,
2,M02-S04-NOTE-1,M02-S04,PROVISIONAL,The Zoho field register is hand-written and tied to the mapping by a test; its pan/bank/aadhaar names are stale aliases.,0.62,"Fresh Jev ruling (D106 question, grounded on cited decisions, nine rules, story acceptance): confirm 0.62, reverse 0.34, owner 0.04; leans confirm; cites D13 D22 D40 D42 D51 D52 D53 D54 D68",,"PROVISIONAL: zoho/field-register.json is still hand-authored; the new test ties it to the mapping, identity.ts and SENSITIVE_CONTACT_FIELDS. Its pan/bank_account/aadhaar_* names are stale aliases — real names PAN_Number, Bank_Account_Number, Aadhaar_*.",,
2,M12-S01-NOTE-8,M12-S01,FACT CHANGE PROPOSED,"The code follows the story: an IR never sees personal documents, even though D70 listed the originating IR; you confirm the scope table.",0.62,"Fresh Jev ruling (D106 question, grounded on cited decisions, nine rules, story acceptance): confirm 0.62, reverse 0.35, owner 0.03; leans confirm; cites D70 D45 D52 D53 D68",,"FACT CHANGE PROPOSED: D70 lists the originating IR under personal-scope documents, AC6 says an IR never sees them; code and the new isolation suite follow AC6. Scope table for owner confirmation: docs/reports/m12-document-scope-table.md.",,
2,M13-S04-NOTE-2,M13-S04,PROVISIONAL,The KAM stays the watcher of a handed-over case via Handed_By; the register shows cases the KAM owns or handed over.,0.62,Jev score already in the BLOCKED line (0.62); lowest used,,PROVISIONAL: The KAM stays the watcher through Handed_By with lookup sharing; the register reads Owner = me or Handed_By = me (Jev 0.62).,,
2,M13-S05-NOTE-9,M13-S05,PROVISIONAL,The case thread shows Notes only because there is no investor-reply source; identity-shaped text is masked.,0.62,"Fresh Jev ruling (D106 question, grounded on cited decisions, nine rules, story acceptance): confirm 0.62, reverse 0.30, owner 0.08; leans confirm; cites D17 D45 D53 D73",,PROVISIONAL: thread shows Notes only — no investor-reply source exists (case.replied goes out only); identity-shaped text in notes is masked.,,
2,M02-S13-NOTE-1,M02-S13,FACT CHANGE PROPOSED,"Rewrite the story's acceptance to D79's slot list (proofs on the Contact, NDA on the Lead), which the build follows.",0.63,"Fresh Jev ruling (D106 question, grounded on cited decisions, nine rules, story acceptance): confirm 0.63, reverse 0.36, owner 0.01; leans confirm; cites D79 D109 D52 D53 D70 D71",,"FACT CHANGE PROPOSED: M02-S13 acceptance names Contacts KYC_Proof/Nominee_Form and Signed_NDA on the allotment; D79 put FEMA/PAN/bank proofs on the Contact and the NDA on the Lead, and the build follows D79. Rewrite the acceptance to D79's slot list (build audit D109).",,
2,M12-S01-NOTE-2,M12-S01,FACT CHANGE PROPOSED,"An IR never sees an investor's personal documents (as the story says), even though D70 allowed the originating IR.",0.63,"Fresh Jev ruling (D106 question, grounded on cited decisions, nine rules, story acceptance): confirm 0.63, reverse 0.36, owner 0.01; leans confirm; cites D70 D45 D52 D53 D68",,FACT CHANGE PROPOSED: D70 lets the originating IR see personal documents but M12-S01 AC6 says an IR never does; the code follows AC6.,,
2,M12-S04-NOTE-9,M12-S04,PROVISIONAL,Some planned test cases exist but are not in the main case file; they were proved from scratch copies and can be added if wanted.,0.63,"Fresh Jev ruling (D106 question, grounded on cited decisions, nine rules, story acceptance): confirm 0.63, reverse 0.04, owner 0.33; leans confirm; cites D17 D45 D48 D52 D68 D72",,"PROVISIONAL: TC-IM07-005/006 and TC-E09-011..013 exist in the plan but not in ui-cases.json, so story runs skip them; proved from scratch copies (all pass) — add them to ui-cases.json if wanted.",,
2,M19-S08-NOTE-1,M19-S08,PROVISIONAL,"A settle wait fixed one timing flake in the tests; the rest of the REVIEW results are judge wording issues, not timing.",0.63,"Fresh Jev ruling (D106 question, grounded on cited decisions, nine rules, story acceptance): confirm 0.63, reverse 0.17, owner 0.20; leans confirm; cites D63",,"PROVISIONAL: the settle wait removed the one timing flake (TC-E12-010) but the overall flake rate is flat — the remaining REVIEWs are judge-borderline wording, not timing.",,
2,M14-S01-NOTE-2,M14-S01,FACT CHANGE PROPOSED,"Leads link to events through the Lead_Event lookup, and event staff come from the Lead_Events_X_Users link, not an Event_Name field.",0.66,"Fresh Jev ruling (D106 question, grounded on cited decisions, nine rules, story acceptance): confirm 0.66, reverse 0.17, owner 0.17; leans confirm; cites D45 D53 D59 D69 D110 D84",,"FACT CHANGE PROPOSED: Leads.Event_Name does not exist; the link is the lookup Leads.Lead_Event -> Lead_Events, and event staff come from Lead_Events_X_Users (userlookup221_3).",,
2,M18-S04-NOTE-3,M18-S04,PROVISIONAL,Alert on 5 or more server errors in 5 minutes; every alert waits 30 minutes before repeating and the credits alert fires once per day.,0.66,Jev score already in the BLOCKED line (0.66); lowest used,,PROVISIONAL: A 5xx spike alert is at least 5 server errors within 5 minutes (Jev 0.66); every alert rule has a 30-minute cool-down and the credits-header alert fires at most once per Kolkata day.,,
2,M10-S08-NOTE-3,M10-S08,PROVISIONAL,"By-allotment and investor-record totals count matched money only, with a recorded figure for Pending receipts.",0.67,Jev score already in the BLOCKED line (0.67); lowest used,,PROVISIONAL: By-allotment and the investor record count matched money only with a per-block recorded figure for Pending receipts (Jev 0.67).,,
2,M20-S08-NOTE-1,M20-S08,OWNER,"You set up the two Zoho Sign callbacks (one per server) with their secrets, after the worker is deployed and the open question about them is cleared.",0.67,"Fresh Jev ruling (D106 question, grounded on cited decisions, nine rules, story acceptance): confirm 0.67, reverse 0.26, owner 0.07; leans confirm; cites D72",,"M20-S08-T03 OWNER ACTION, AFTER NOTE-3 IS CLEARED: Deploy the durable worker and persistent Plane B sink to staging and production first. In Zoho Sign > Settings > Developer Settings > Webhooks, create exactly two callbacks, one for each host's /api/webhooks/zoho-sign route; enable HMAC-SHA256 and place each generated secret only in that host's secret store. Select sent, viewed, signer signed, completed, declined, expired and recalled events. Send a sample payload, then in the sandbox send one harmless synthetic request using Aadhaar eSign and one using email OTP. Capture sanitized request ids, operation types, HTTP statuses and the re-fetched Sign/CRM responses under console/src/lib/zoho/__fixtures__; include no names, emails, IPs, signatures, document bodies or tokens.",,
2,M02-S10-NOTE-2,M02-S10,FACT CHANGE PROPOSED,"Change test TC-E02-020: reading Zoho profile settings is allowed for the build, while a Zoho Books call is still refused.",0.71,"Fresh Jev ruling (D106 question, grounded on cited decisions, nine rules, story acceptance): confirm 0.71, reverse 0.13, owner 0.16; leans confirm; cites D6 D26 D51",D113 #3: all test-case fact changes approved; applied to ui-cases.json in D114,"FACT CHANGE PROPOSED: TC-E02-020 currently says both GET /crm/v8/settings/profiles and a Zoho Books call must return OAUTH_SCOPE_MISMATCH, but this story explicitly grants CRM settings read. Expected behaviour should distinguish the allowed in-scope CRM call from the refused Books call; do not change the case until the owner resolves it.",,
2,M07-S03-NOTE-2,M07-S03,FACT CHANGE PROPOSED,A saved follow-up is recorded as one contact entry (Touch); a Call record is made only when the next step is a call.,0.72,"Fresh Jev ruling (D106 question, grounded on cited decisions, nine rules, story acceptance): confirm 0.72, reverse 0.26, owner 0.02; leans confirm; cites D76 D58 D57 D45 D41 D47",,"FACT CHANGE PROPOSED: M07-S03-T01 says a saved follow-up ""writes Calls (completed)""; D76 (as applied, 25 Sep) made the shared Touches module the one log of every human contact, and D58 keeps Calls for scheduled callbacks. Built per D76/D58: the contact is one Touch (Channel, Occurred_At, Is_Reply, Note = outcome — note), and a Call is created only when the next step is a call. The route handlers (POST /api/leads/[id]/followup and /undo) are not built yet because the session layer that turns a request into the signed-in person's credential does not exist; the server functions are ready for them.",,
2,M08-S03-NOTE-2,M08-S03,PROVISIONAL,A payment report's UTR field holds a generated unique key; the IR's own reference is kept masked in a note; a Claim_Ref field would free UTR.,0.73,Jev score already in the BLOCKED line (0.73); lowest used,,"PROVISIONAL: A claim's Receipts.UTR holds a unique key CLAIM-<leadId>-<n> (Jev 0.73), the IR's reference is kept only masked in the Note, paise are refused, and kind 'other' is stored as Part with a note; a Claim_Ref field would free UTR for bank references.",,
2,M05-S08-NOTE-4,M05-S08,PROVISIONAL,"Tickets open on the KAM show as a tile and a separate list, not queue rows.",0.75,Jev score already in the BLOCKED line (0.75); lowest used,,"PROVISIONAL: Tickets open on the KAM are a tile and a separate list, not queue rows, matching the front end's mineQueue (Jev 0.75); the KAM access re-check is copied from server/data/live.ts and should be exported from there.",,
2,M10-S22-NOTE-1,M10-S22,PROVISIONAL,"The app preview shows payout dates and states to every seat that can see the record, but amounts only to seats with Money access.",0.75,Jev score already in the BLOCKED line (0.75); lowest used,,"PROVISIONAL: The app preview shows payout dates and states to every seat with the record, amounts only to seats with Money (Jev 0.75).",,
2,M12-S04-NOTE-8,M12-S04,PROVISIONAL,The Zoho Sign templates read was written from the docs and not yet run on the sandbox.,0.75,"Fresh Jev ruling (D106 question, grounded on cited decisions, nine rules, story acceptance): confirm 0.75, reverse 0.12, owner 0.13; leans confirm; cites D17 D45 D48 D52 D68 D72",,"PROVISIONAL: GET templates and page_context written from Zoho Sign docs, not yet run against the sandbox; the demo has no templates so no picker shows there.",,
2,M08-S05-NOTE-1,M08-S05,FACT CHANGE PROPOSED,A named secondary gets no lead access unless a cover window is running or the owner is away (D44); the old always-on access was removed.,0.76,"Fresh Jev ruling (D106 question, grounded on cited decisions, nine rules, story acceptance): confirm 0.76, reverse 0.22, owner 0.02; leans confirm; cites D44 D49 D52 D51",D113 #3: all test-case fact changes approved; applied to ui-cases.json in D114,"FACT CHANGE PROPOSED: Per D44 a named secondary now gets no lead access unless a cover window runs (or the owner is away on the roster); the unconditional secondary access was removed from server/leads book, search, email, followup, journey and updates (TC-E08-017).",,
2,M09-S07-NOTE-1,M09-S07,PROVISIONAL,"Investor search uses Zoho's query language with the seat's scope in the query, not the Search API.",0.76,Jev score already in the BLOCKED line (0.76); lowest used,,"PROVISIONAL: Investor search queries Contacts with COQL, the seat's scope in the WHERE and LIKE per token, not the Search API (Jev 0.76).",,
2,M10-S01-NOTE-4,M10-S01,PROVISIONAL,"For moved old payments, the payment that completes units x price is labelled Full, a first payment equal to the token amount is Advance, any other is Part.",0.78,Jev score already in the BLOCKED line (0.78); lowest used,,"PROVISIONAL: A moved legacy payment's Kind is inferred - the payment that brings the allotment to units x unit price is Full, a first payment equal to Token_Advance_Amount is Advance, every other is Part (Jev 0.78).",,
2,M10-S03-NOTE-2,M10-S03,FACT CHANGE PROPOSED,"Add Receipts fields Claim_Of, Claim_Answer and Claim_Answer_Reason so a found report is not read as not found.",0.78,"Fresh Jev ruling (D106 question, grounded on cited decisions, nine rules, story acceptance): confirm 0.78, reverse 0.13, owner 0.09; leans confirm; cites D21 D45 D49 D52 D68 D70",D113 #6: these Zoho fields are kept for later; code reads them when present,"FACT CHANGE PROPOSED: Add Receipts fields Claim_Of (lookup Receipts), Claim_Answer (Found/Not there) and Claim_Answer_Reason so a found report does not read as not found in gates.ts.",,
2,M12-S07-NOTE-1,M12-S07,PROVISIONAL,"A block reason is saved as a Note and the slot's request fields are cleared, since no blocked/reason field exists.",0.78,Jev score already in the BLOCKED line (0.78); lowest used,,"PROVISIONAL: The block reason is a Zoho Note on the record and the slot's request id, method and verified fields are cleared, because no blocked or reason field exists (Jev 0.78).",,
2,M05-S01-NOTE-1,M05-S01,PROVISIONAL,"Today's 'next up' list is worked out by the existing rule on the Zoho data the server returns, in one place.",0.80,Jev score already in the BLOCKED line (0.8); lowest used,,"PROVISIONAL: Where are nextUp/workGroup computed for Today in the Zoho phase? → built as (b): the server returns the Today read (open leads in scope plus their open Tasks, Calls and Meetings; lost and onboarded left out) and the existing ported rule in features/today/work.ts computes nextUp/workGroup once the data interface feeds it Zoho rows (Jev 0.80 vs 0.20; one rule, one place — CLAUDE.md rule 1). The plan's ""compute server-side"" and ""cache 60s"" are not built: rows are records and the shared cache holds counts only (D52).",,
2,M01-S01-NOTE-1,M01-S01,FACT CHANGE PROPOSED,"Update the old portal test cases to the merged console's screen names (Today, Payments, Numbers, Activity, Teams).",0.81,"Fresh Jev ruling (D106 question, grounded on cited decisions, nine rules, story acceptance): confirm 0.81, reverse 0.17, owner 0.02; leans confirm; cites D26 D27 D28 D33 D40 D60 D110 D68",D113 #3: all test-case fact changes approved; applied to ui-cases.json in D114,"FACT CHANGE PROPOSED: TC-IM01-001..004 and other Investors-portal cases still name the old portal's rail (Dashboard, Transactions, Insights, Activity log, Team, 'Toggle theme', 'Signed in as' dropdown). In the merged console (D98) these are Today, Payments, Numbers, Activity, Teams, the account menu's appearance control and the sign-in screen. The prototype fails these facts too; they need rewording to the merged names.",,
2,M02-S10-NOTE-1,M02-S10,OWNER,"You (Sahil) create the Zoho practice copy (sandbox) after the module and permission setup is done, copying structure only and no real investor data, then check the names match.",0.81,"Fresh Jev ruling (D106 question, grounded on cited decisions, nine rules, story acceptance): confirm 0.81, reverse 0.12, owner 0.07; leans confirm; cites D6 D26 D51",,"M02-S10-T01 OWNER ACTION: In Zoho CRM Setup > Data Administration > Sandbox, create the Enterprise developer sandbox only after the S0 module/profile/FLS work is complete. Copy metadata, not real investor data. In the sandbox, compare module API names, Leads field API names, roles, profiles, field-level security, file-upload fields and the Signed_Via/Sign_Req_Id/Verified_By/Verified_At fields against production; capture sanitized metadata responses/screenshots and the sandbox org id/api_domain without tokens or record data. Keep all live/sandbox writes outside this agent run.",,
2,M10-S21-NOTE-2,M10-S21,PROVISIONAL,Unlock only changes App_Access from Hold to Invite; the welcome fields are left to the app sync and the lock reason is saved as a Note.,0.81,Jev score already in the BLOCKED line (0.81); lowest used,,"PROVISIONAL: Unlock writes only App_Access (Hold -> Invite) and leaves App_Welcome_At/App_Welcome_Channel to the app sync (Jev 0.81); 'Locked' is worked out as Hold after an invite, and the lock reason is saved as a Note on the Contact.",,
2,M12-S05-NOTE-3,M12-S05,PROVISIONAL,A valid Sign callback writes nothing for sent/viewed/declined; filing runs only after re-reading 'completed'.,0.81,Jev score already in the BLOCKED line (0.81); lowest used,,"PROVISIONAL: A valid webhook writes nothing for sent/viewed/declined/expired/recalled and runs the filing only on a re-read 'completed' (D77, Jev 0.81).",,
2,M06-S05-NOTE-2,M06-S05,PROVISIONAL,"The search cache holds only the result count and a hashed search term, never result rows.",0.83,Jev score already in the BLOCKED line (0.83); lowest used,,PROVISIONAL: The search cache holds only the in-book result count under the leads scope and a per-process HMAC of the term; hit rows are never cached (Jev 0.83).,,
2,M12-S08-NOTE-1,M12-S08,PROVISIONAL,Signing requests are sent by email path first; embedded signing answers 'sign from the email' if Zoho refuses.,0.83,Jev score already in the BLOCKED line (0.83); lowest used,,PROVISIONAL: Requests are created without is_embedded so the email path always works; embedtoken answers 409 'sign from the email' if Zoho refuses (Jev 0.83); embedtoken and the Contact read run on the provider-callback service credential because the investor has no Zoho token.,,
2,M08-S08-NOTE-6,M08-S08,PROVISIONAL,Add-paid leaves app access empty and the account goes On hold only when a second person matches its Pending receipt.,0.85,Jev score already in the BLOCKED line (0.85); lowest used,"Owner ruling 4 Oct (D115 #1): app access stays Hold on every path (add-paid, match, other) until a person with the release right releases it; a match never opens it",PROVISIONAL: Add-paid leaves App_Access empty; the account opens On hold only when a second person matches its Pending receipt (Jev 0.85).,,
2,M12-S07-NOTE-2,M12-S07,FACT CHANGE PROPOSED,Add Blocked_At and Blocked_Reason fields per paper slot so a blocked paper and its reason show in the Documents list.,0.85,"Fresh Jev ruling (D106 question, grounded on cited decisions, nine rules, story acceptance): confirm 0.85, reverse 0.08, owner 0.07; leans confirm; cites D19 D52 D72",,FACT CHANGE PROPOSED: Add *_Blocked_At and *_Blocked_Reason per paper slot so the Documents list can show a blocked row and its reason.,,
3,M08-S04-NOTE-2,M08-S04,PROVISIONAL,"'Extend the hold' is one guarded edit of the hold deadline, held by Zoho's approval process.",0.89,Jev score already in the BLOCKED line (0.89); lowest used,,"PROVISIONAL: 'Extend the hold' is one guarded edit of Hold_Until (old deadline + days) with the request fields, held by Zoho's approval process (Jev 0.89).",,
3,M01-S07-NOTE-1,M01-S07,PROVISIONAL,A CI check blocks browser alert/confirm/prompt popups except where a file binds them itself; the last one was replaced by an in-page confirmation.,0.90,"Fresh Jev ruling (D106 question, grounded on cited decisions, nine rules, story acceptance): confirm 0.90, reverse 0.07, owner 0.03; leans confirm; cites D48 D32 D33 D47",,PROVISIONAL: CI grep gate scripts/no-native-dialogs.cjs (npm run check:dialogs) allows alert/confirm/prompt only where a file binds them itself; last native window.confirm (useUntick) replaced by an in-page confirmation.,,
3,M19-S02-NOTE-4,M19-S02,PROVISIONAL,"The staging test runner resets data once per test case, using the existing test endpoints, which need Zoho sandbox data behind them.",0.91,Jev score already in the BLOCKED line (0.91); lowest used,,"PROVISIONAL: The staging runner resets once per case, not per fixture (Jev 0.91); it uses the existing /api/test/fixture and /api/test/reset endpoints, which need Zoho sandbox seeding behind them on staging (M19-S03); Zoho login autofill uses #login_id/#nextbtn/#password with a manual fallback.",,
3,M01-S04-NOTE-1,M01-S04,PROVISIONAL,Audit logs are stored as daily append-only files; you confirm this and decide when old files move to a locked archive.,0.93,Jev score already in the BLOCKED line (0.93); lowest used,,"PROVISIONAL: Planes B and C are stored as append-only daily JSONL files under LOG_DIR (LOG_STORE=jsonl; Jev 0.93 over a Postgres table or S3 Object Lock, per C-07); Sahil to confirm and to decide when scanned day files ship to a locked archive bucket.",,
3,M01-S02-NOTE-2,M01-S02,PROVISIONAL,A person signed in with Zoho is identified by their Zoho user id until the Zoho data source takes over keying people.,0.94,Jev score already in the BLOCKED line (0.94); lowest used,,"PROVISIONAL: A Zoho-signed-in session holds the Zoho CRM user id from CurrentUser as its PersonKey (Jev 0.94), until the Zoho data source keys PEOPLE.",,
3,M07-S05-NOTE-5,M07-S05,PROVISIONAL,"If Zoho sends an email but recording the contact fails, the email still goes and the user is told to log the contact by hand.",0.94,Jev score already in the BLOCKED line (0.94); lowest used,,"PROVISIONAL: When Zoho accepts the email but recording the touch fails, the answer is still sent with a Plane B touch-not-recorded line and a notice to use Log a contact (Jev 0.94); only IR, channel-partner and IR Manager seats may send, a manager only on leads they own or cover.",,
3,M11-S01-NOTE-2,M11-S01,PROVISIONAL,The LLP detail shows the company's PAN and GST masked; you confirm the no-PAN rule does not cover a company PAN.,0.94,Jev score already in the BLOCKED line (0.94); lowest used,,"PROVISIONAL: The one-LLP detail reads the LLP's company PAN and GST on the viewer's token and masks them before they leave the server, never cached or logged (Jev 0.94); Sahil to confirm the no-PAN rule does not cover a company PAN.",,
3,M16-S08-NOTE-2,M16-S08,PROVISIONAL,A proof slot counts as missing while its verified-at date is empty; Collection counts matched receipts only.,0.95,Jev score already in the BLOCKED line (0.95); lowest used,,"PROVISIONAL: COQL rejects PAN_Proof/Bank_Proof in criteria, so a proof slot counts as missing while its *_Verified_At is empty (Jev 0.95); Collection counts matched receipts only (D21, as Today) and differs from the register's netBanked until the register follows D21.",,
3,M13-S05-NOTE-3,M13-S05,FACT CHANGE PROPOSED,The request.executed message gains a 'received' state and a case id; the investor app must accept it.,0.96,Jev score already in the BLOCKED line (0.96); lowest used,,FACT CHANGE PROPOSED: contracts/request.executed.json gains state 'received' and an optional case_id so the app can link case.replied to its request (Jev 0.96); the investor app must accept it (MA1).,,
3,M03-S01-NOTE-5,M03-S01,PROVISIONAL,The Compliance and Audit Zoho role maps to the Compliance seat (not Auditor); grants are limited to the granting seat's own limit for now.,0.97,Jev score already in the BLOCKED line (0.97); lowest used,,"PROVISIONAL: The D80 role Compliance and Audit takes Investors seat comp, not audit (Jev 0.97); grants are checked only against the seat's own limit until the manager chain is read from Zoho; the staging sign-in list switch is GZ_SIGNIN_LIST=staging.",,
3,M03-S04-NOTE-5,M03-S04,PROVISIONAL,"When a KAM seat changes, their contacts return to the pool; crossing the sign-in line is logged as access granted/ended.",0.97,"Jev score already in the BLOCKED line (0.98, 0.97); lowest used",,"PROVISIONAL: Contacts return to the pool (KAM, KAM_Since, KAM_Intro_At cleared) on the seat-changer's token after an org-scope service read (Jev 0.98); crossing the sign-in line is filed as Plane C access-granted/access-ended (Jev 0.97); lead-side seat changes are not handled by PUT /api/users.",,
3,M13-S05-NOTE-2,M13-S05,PROVISIONAL,A request from the app must match the investor's own contact (and ARL code if sent) or it is refused; request types map to fixed ticket categories.,0.97,Jev score already in the BLOCKED line (0.97); lowest used,,"PROVISIONAL: The Contact check requires actor.kind investor and actor.investor_contact_id equal to the request's Contact, and arl_code (when sent) equal to ARL_ID; a mismatch answers 422 (Jev 0.97). Request kinds map to Ticket_Category bank_change/payout_mandate Bank, exit Compliance, nominee/details/statement Records, other Query, Medium, 5 working days.",,
3,M03-S09-NOTE-1,M03-S09,PROVISIONAL,An IR sees their investors through a filter plus a read-only share created at hand-off; refused reads are logged.,1.00,Jev score already in the BLOCKED line (1); lowest used,,PROVISIONAL: IR investor scope uses the filter plus a read-only record share at hand-off (Jev 1.00); refused Investors-side reads go to Plane B now and to Plane C through a hook awaiting a scope-refused action in server/identity/plane-c.ts.,,
