seat,scenario_id,step,kind,title,expected,priority,level,stories,result (pass/fail),evidence (file or link),defect_id,notes,tester,date
Investor Relations (IR),UAT-IR,IR-01,Step,Sign in and land on Today,"Screen: Today opens on the Lead side. Heading reads 'Your follow-ups' with '<n> due now · <m> open'. The top bar shows a connection and freshness line. No 'Lead side | Investors side' switch. Zoho: Zoho user is an IR seat on the IR role and IR profile. Sign-in is logged, no record changes.",P1,Must,"M03-S01, M05-S01, M01-S09",,,,,,
Investor Relations (IR),UAT-IR,IR-02,Step,Add a new lead with permission (Thread A),"Screen: Drawer clears. Message reads 'UAT Lead A was added — Rohit carries it'. The lead is on Today. A bad mobile shows how to write it and keeps Add disabled. Zoho: Leads: new record, Owner = Rohit, consent WhatsApp = yes, how = person, by = Rohit, time set.",P1,Must,"M04-S01, M04-S03",,,,,,
Investor Relations (IR),UAT-IR,IR-03,Step,Add a lead from an event,"Screen: Before the event is picked the form lists 'which event it came from' as still to answer and Add is blocked. After, the lead is added. Zoho: Leads: 'UAT Lead E' carries Lead_Event = the chosen event.",P2,Must,"M04-S01, M14-S03",,,,,,
Investor Relations (IR),UAT-IR,IR-04,Refused check,Duplicate mobile is refused,"Screen: Form says the lead already has this number and Add is disabled; 'Open UAT Lead A' opens it. For the other IR's number the name is not shown, only 'Flag the duplicate to <manager>', offered once. Zoho: No second Leads record for the number. Flagging writes one log line.",P1,Must,M04-S02,,,,,,
Investor Relations (IR),UAT-IR,IR-05,Step,Follow up by call,"Screen: The logging flow asks one question at a time and never asks the channel. On the last tap 'Saved · Undo' shows for 10 seconds. The Next step card shows the new step. Zoho: Touches: one new record on the lead (channel = call, by Rohit). Calls: one record only if the next step is a call. Leads: next step set. One log line.",P1,Must,"M05-S02, M07-S02, M07-S03",,,,,,
Investor Relations (IR),UAT-IR,IR-06,Step,Undo within ten seconds,"Screen: The lead page returns to how it was. On a save you leave alone Undo goes away after 10 seconds. Zoho: Touches, Calls and Tasks created by that save are deleted. The lead is unchanged.",P2,Must,"M07-S03, M07-S02",,,,,,
Investor Relations (IR),UAT-IR,IR-07,Refused check,Deck is not offered before the NDA is signed,Screen: 'Deck follow-up' and 'Webinar invite' are not offered. Other templates are. 'Send the deck' is not offered as a next step. Zoho: No email sent. No material record.,P1,Must,"M12-S13, M07-S05",,,,,,
Investor Relations (IR),UAT-IR,IR-08,Step,Tell the investor the NDA is in their inbox,Screen: Row reads 'NDA is in their inbox - how did you tell them?' with one chip per consented channel. After you tap: 'told' with a 10-second Undo. Reminder writes one contact. After 'They say it's signed' the row reads 'NDA - with Finance' with no buttons. Zoho: Lead NDA fields (D79): told-by-IR channel and time set. Touches: one reminder touch. Zoho Sign status is not changed by the IR's word.,P1,Must,"M12-S11, M05-S03",,,,,,
Investor Relations (IR),UAT-IR,IR-09,Step,Send the deck after the NDA is signed,"Screen: Composer shows one summary line (template, recipient, 'from you via Zoho', subject) and nothing is sent until Send. After Send: log line 'Email approved and sent · From Rohit'. Pitch deck is marked sent once, not twice. Zoho: Emails: one sent message, from Rohit's own mailbox. Touches: one email touch. Material 'Pitch deck' = sent, one record.",P2,Must,"M07-S05, M12-S13",,,,,,
Investor Relations (IR),UAT-IR,IR-10,Step,Qualify and finish engagement,"Screen: Qualified asks for the scorecard in a drawer; nothing ticks until you state it. Journey line moves one step each time. Undo inside 8 hours asks a reason; older than 8 hours is refused. Zoho: Leads: Lead_Status = Qualified, then Engagement done; one stage stamp and one log line each.",P2,Must,M08-S01,,,,,,
Investor Relations (IR),UAT-IR,IR-11,Step,Move the lead to Said yes,"Screen: Journey moves. Finance's Today later queues 'Send the supplementary agreement' for this investor. Native Zoho conversion is not used. Zoho: Contacts: one new record (duplicate check run), arl_code minted, Originating_IR = Rohit, Said_Yes_At set, Origin_Lead = the lead. Leads: investor_contact_id and arl_code written back; the lead stays a Lead. A second press creates no second Contact.",P1,Must,"M08-S07, M08-S01",,,,,,
Investor Relations (IR),UAT-IR,IR-12,Step,"See only your own investor, masked","Screen: Only investors from your own leads are listed. No Paid or Due column. Only the sections the owner allows for IRs. PAN, Aadhaar and bank read masked. Zoho: Contact is shared to Rohit read-only by the Zoho record share. Zoho FLS hides identity fields from the IR profile.",P1,Must,"M09-S08, M09-S03, M03-S09",,,,,,
Investor Relations (IR),UAT-IR,IR-13,Step,Send the supplementary draft and agree the final,"Screen: 'Draft sent' stays disabled until a file is uploaded. Second upload is draft v2 and v1 stays on file. After 'Final draft agreed' the row reads 'with Finance' with no buttons; Undo restores the draft state. Zoho: Draft v1 and v2 attached in Zoho, agreed version marked; uploader shown in Zoho is Rohit.",P1,Must,M12-S12,,,,,,
Investor Relations (IR),UAT-IR,IR-14,Step,Report a payment (Thread A advance),Screen: One report shows 'Waiting on Finance'. The stage does not move. You cannot start a second report. Zoho: Receipts: one record with Match_State = Claimed (D82). Story M08-S03 calls this a 'Payment Claims' record: tester notes which one exists. Lead stage unchanged.,P1,Must,M08-S03,,,,,,
Investor Relations (IR),UAT-IR,IR-15,Refused check,Payment reports that must be refused,"Screen: Amount 0 and a future date are refused in the page, nothing created. 'Fully paid' is refused with 'Finance has to find the balance' and the stage does not move. Zoho: No new claim record. Gate fields unchanged. Zoho FLS also refuses an IR write to a gate field.",P1,Must,"M08-S03, M08-S02",,,,,,
Investor Relations (IR),UAT-IR,IR-16,Step,See Finance's answer,Screen: Lead page shows 'Finance did not find it: <reason>'. Your report text is unchanged. Zoho: Claim record: your original words intact. No Receipts record made by you.,P2,Must,M10-S03,,,,,,
Investor Relations (IR),UAT-IR,IR-17,Step,"See the gate and rung 7 clear (Thread B, Prakash Bhat)",Screen: The 'Fully paid' gate has cleared and rung 7 (Allocated) ticks on your next read. You cannot tick either yourself. Zoho: Allotment: Allocation_Status = Issued. Lead gate fields set by Finance's write. No IR write.,P1,Must,"M08-S02, M11-S05",,,,,,
Investor Relations (IR),UAT-IR,IR-18,Refused check,Another IR's lead does not open,"Screen: Search reads 'No lead matches in your book' and shows nothing about it. The address does not open it. Search never lists an investor. Zoho: No Zoho read of that lead by the console. Refusal logged. In Zoho, Rohit's own token also returns nothing for it.",P1,Must,"M06-S03, M06-S05, M07-S01",,,,,,
Investor Relations (IR),UAT-IR,IR-19,Refused check,Another IR's investor does not open,Screen: The record does not open. Search does not find it. Zoho: Contacts: no read by Rohit's token. Refusal logged.,P1,Must,"M09-S08, M09-S07, M03-S09",,,,,,
Investor Relations (IR),UAT-IR,IR-20,Refused check,Pages an IR must not have,"Screen: Rail shows only IR pages. Each address shows an in-page refusal, not a blank page or a browser dialog. No 'Investors side' switch. The app-access card is read-only and says Finance controls app access. Zoho: No data read. Refusals logged.",P1,Must,"M16-S01, M17-S01, M11-S01, M01-S07, M18-S02, M10-S21",,,,,,
Investor Relations (IR),UAT-IR,IR-21,Step,"Close as lost, then re-open","Screen: One question 'Why are they out?' with the loss reasons. After leaving it: no contact buttons, only Re-open. Re-open keeps the earlier close in history. A lead with money in cannot be closed as lost. Zoho: Leads: Lost_Reason and Lost_At set, then cleared on re-open with history kept.",P2,Must,M07-S06,,,,,,
Investor Relations (IR),UAT-IR,IR-22,Step,Updates and Activity are only yours,"Screen: Updates lists what others changed on your book, never your own actions. Activity shows only your own actions, no Person column. Zoho: Read only.",P2,Must,"M15-S01, M15-S03",,,,,,
Investor Relations (IR),UAT-IR,IR-23,Step,A day without help (usability),Screen: The first five items are done without help. Stumbles are in notes. Zoho: Touches and Tasks created as normal.,P2,Should,TC-E16-016,,,,,,
Investor Relations (IR),UAT-IR,IR-24,Step,Sign out and clean-up,"Screen: No draft, reveal or queued save of the first person remains. Zoho: Nothing.",P2,Must,"M18-S02, M01-S02",,,,,,
IR Manager,UAT-IM,IM-01,Step,Sign in and see the team's book,"Screen: Scope is the team's book. An Owner filter shows counts for each IR. Leads that are lost are held back with '<k> closed as lost, held back · Show'. 'Needs an owner' lists unassigned leads. Rows have no action buttons. Zoho: IR Manager role, read on the IR subtree through the hierarchy.",P1,Must,"M06-S01, M03-S01",,,,,,
IR Manager,UAT-IM,IM-02,Step,Search the team's leads,"Screen: Header reads 'Your team's book'. At most 8 rows with name, last 4 of phone, stage and owner, and 'N more - keep typing'. No investor is listed. Zoho: No Contacts read.",P1,Must,"M06-S03, M06-S05",,,,,,
IR Manager,UAT-IM,IM-03,Step,Add a lead with no owner and deal it,"Screen: Lead joins 'Needs an owner' with source and capture date. After Assign owner it moves into Rohit's book. Zoho: Leads: owner is the unassigned queue user, then Rohit; Owner_Assigned_At set. (Unassigned queue user is still an open owner decision, M04-S01-NOTE-2.)",P1,Must,"M04-S01, M04-S04, M05-S01",,,,,,
IR Manager,UAT-IM,IM-04,Step,Load an event sheet with a preview,"Screen: Preview marks each row added or refused with a reason. Round-robin announces the split before it writes. Only good rows are written, with no consent. Second load adds nothing. Zoho: Leads: 5 new records tagged Lead_Event, dealt across the event staff, no consent. One 'Loaded the event sheet' log line.",P2,Must,"M04-S04, M14-S03, M14-S01",,,,,,
IR Manager,UAT-IM,IM-05,Step,Cover for a colleague,"Screen: Kavya can open and work the lead and sees 'covering until <date>'. Kavya still cannot open other IRs' leads. After the cover ends she can no longer open it. Zoho: Leads: a record share to Kavya, read-write, added when the window opens and removed when it closes.",P1,Must,"M08-S05, M02-S09",,,,,,
IR Manager,UAT-IM,IM-06,Refused check,Cover cannot be forced,Screen: Nothing changes. Zoho: No share is created.,P2,Must,M08-S05,,,,,,
IR Manager,UAT-IM,IM-07,Step,Read the Assignments by IR report,"Screen: First section is 'Assignments by IR', one row per IR in the team and a Team total. Columns: This week, Last week, Earlier this month, Before this month, Total, Missed first touch. A lead assigned today is counted 'Not yet worked' until the IR contacts it. Zoho: Read only. Counts agree with Leads owner-change records.",P2,Must,M16-S01,,,,,,
IR Manager,UAT-IM,IM-08,Step,Read the other Numbers sections,Screen: Funnel counts come from stage stamps. Tapping a Checks figure opens Leads filtered to exactly those leads. Transfers shows 'N transferred since <month> · median X days'. No rupee amount anywhere. Zoho: Read only. Transfers units come from the Contact's allotments.,P1,Must,"M16-S03, M16-S06",,,,,,
IR Manager,UAT-IM,IM-09,Step,Grant a page to an IR,Screen: Numbers is in Rohit's rail. Teams shows only me and my IRs and a rights grid behind 'What each seat holds'. Zoho: Console grant record. No Zoho profile change.,P2,Must,"M03-S03, M17-S01, M17-S02",,,,,,
IR Manager,UAT-IM,IM-10,Refused check,Grants the manager cannot make,Screen: Each is refused with an in-page note saying why. Nothing changes. Zoho: No change to grants or Zoho users.,P1,Must,"M03-S03, M17-S02",,,,,,
IR Manager,UAT-IM,IM-11,Refused check,"No money, no payment decisions","Screen: Payment status is readable. There is no confirm or reject control. No rupee value appears in Numbers, Transfers or the lead. Zoho: Read only.",P1,Must,"M08-S02, M16-S03, M16-S06",,,,,,
IR Manager,UAT-IM,IM-12,Step,Updates and Activity for a manager,"Screen: Updates also shows 'no owner', 'moves waiting for approval' and 'breaches in my team'. Activity shows the team's actions with a Person filter and By person / By day. Zoho: Read only.",P2,Must,"M15-S01, M15-S03",,,,,,
IR Manager,UAT-IM,IM-13,Refused check,Pages a manager must not have,"Screen: In-page refusal, or not in the rail. Zoho: Refusals logged.",P1,Must,"M18-S02, M17-S06, M16-S09",,,,,,
Finance (Finance Operations),UAT-FIN,FIN-01,Step,Sign in and read Today,"Screen: Today opens on the Investors side. 'Waiting on you' lists payment claims with 'Answer it', balances due, and 'Send the supplementary agreement' for the new investor. Shows when figures were last read from Zoho. Zoho: Finance Ops role and profile. Read only.",P1,Must,"M03-S01, M05-S07",,,,,,
Finance (Finance Operations),UAT-FIN,FIN-02,Seeded data check,Check the seeded book,"Screen: List reads '15 on the book · 40 units'. 'Balance outstanding' lists exactly Prakash Bhat and Joseph Mathew. Prakash's banner reads '₹22.5 L due in 21 days...'. Sections: Who they are, What they hold, Money, Paper, Journey, Tickets. One row per farm allotment. PAN and Aadhaar hidden; bank masked. Zoho: Contacts and allotments read live.",P1,Must,"M09-S01, M09-S03, M11-S02",,,,,,
Finance (Finance Operations),UAT-FIN,FIN-03,Step,Add an investor who has already paid,"Screen: One Contact with 'App: on hold - data synced, sign-in locked'. No email is sent to the investor. The second try is refused with a link to the existing investor. Zoho: Contacts: App_Access = Hold. Allotment created in LLP_UnitAllocation_Module in one save. If the connection drops: 'Not saved yet'.",P1,Must,"M09-S09, M01-S08",,,,,,
Finance (Finance Operations),UAT-FIN,FIN-04,Step,Upload a document to an allotment,"Screen: The PDF appears in the list on the next read. The big file and the .exe are refused in the page, nothing sent. Zoho: Slot file field holds the PDF; Zoho shows Meena as uploader. No copy kept by the console.",P1,Must,"M12-S02, M12-S01",,,,,,
Finance (Finance Operations),UAT-FIN,FIN-05,Step,Check paper by scope,"Screen: Grouped Personal (Contact), per allotment (per farm), Farm documents (LLP). 'Out for signature' shows a count and the Zoho Sign status. Zoho: Read only.",P2,Must,"M12-S03, M12-S01",,,,,,
Finance (Finance Operations),UAT-FIN,FIN-06,Step,Send the NDA for signature,"Screen: Round reads 'Out for signature - the IR is chasing'. The second send is refused naming the request already out. For an NRI, Aadhaar eSign says not available and offers email OTP. Zoho: NDA sign request id, status Sent, sent time and method in one save (NDA fields on the Lead per D79; on the allotment once it exists per M02-S14).",P1,Must,M12-S04,,,,,,
Finance (Finance Operations),UAT-FIN,FIN-07,Step,Read the IR's word beside the queue,"Screen: 'Check the signed ...' is at the top, tagged 'check it', saying what the IR said and that it is not a signature. A different document for the same investor says 'no word from the IR yet'. Zoho: No change. The IR's word is not a signature.",P2,Must,M12-S11,,,,,,
Finance (Finance Operations),UAT-FIN,FIN-08,Step,Watch the signature come back,"Screen: Row moves to Viewed, then Signed. Reminder shows its time. Recall asks a reason first, then reads Recalled. A declined request goes to the top of the queue with its reason. Zoho: Status read from Zoho Sign and written once. Signed PDF and certificate filed to the slot. NDA-signed set in the same action.",P1,Must,"M12-S05, M12-S06",,,,,,
Finance (Finance Operations),UAT-FIN,FIN-09,Step,Send the supplementary agreement,"Screen: The agreed draft is offered. After signing, Agreement_Signed is set and the lead's supplementary gate opens on the IR's next read. BATON out: tell the IR. Zoho: Allotment: Agreement_Sign_Request_Id, Agreement_Sign_Status = Sent then Signed, Agreement_Signed = true, signed PDF attached.",P1,Must,"M12-S12, M12-S04, M12-S06",,,,,,
Finance (Finance Operations),UAT-FIN,FIN-10,Step,Verify a paper signed on paper,Screen: Filed in the slot and marked verified by Meena. Joseph Mathew's FEMA row clears once his declaration is completed. Zoho: Slot file present; verification fields = Meena and time. Same checks as a Zoho Sign paper.,P2,Must,M12-S06,,,,,,
Finance (Finance Operations),UAT-FIN,FIN-11,Step,Answer IR payment reports,"Screen: Drawer shows the IR's words, already paid, outstanding and hold end. 'Not there yet' leaves the IR's report as written. 'Confirm and record it' lists a balance receipt for Prakash Bhat of ₹22.5 L, RTGS HDFC2708994, by Meena, linked to the report and the allotment. Zoho: Receipts: new record, Created_By = Meena, Match_State pending. The claim is linked. UAT Lead A's report stays as written.",P1,Must,"M10-S03, M05-S07",,,,,,
Finance (Finance Operations),UAT-FIN,FIN-12,Step,Record the advance for UAT Lead A,"Screen: Save is refused until an allotment is picked. The receipt lists as advance, by Meena, under that farm, and shows matched (D113). If the supplementary is not verified it says 'cannot be matched until the supplementary is verified' but is recorded, never refused. Zoho: Receipts: linked to the allotment (Contact and LLP follow it). One record on a double press.",P1,Must,"M08-S03, M10-S07, M01-S08",,,,,,
Finance (Finance Operations),UAT-FIN,FIN-13,Step,Record a balance by SWIFT,"Screen: Listed as balance, SWIFT EMIR0209900, by Meena, under that farm. Zoho: Receipts: one record, linked to the allotment.",P2,Must,M08-S03,,,,,,
Finance (Finance Operations),UAT-FIN,FIN-14,Step,A recorded receipt is already matched,Screen: It shows matched by Meena and offers no 'Match it'; no second person is asked. Zoho: Receipts: Match_State = Matched; Matched_By = Meena (D113).,P1,Must,"M10-S02, M01-S08",,,,,,
Finance (Finance Operations),UAT-FIN,FIN-15,Step,Work offline,Screen: Ledger unchanged. Drawer stays open saying 'Not saved yet'. Header says '1 change waiting'. Twice still means one pending entry. After sign-out the pending save is discarded. Zoho: No Receipts record until Zoho acknowledges.,P2,Must,"M01-S08, M01-S09",,,,,,
Finance (Finance Operations),UAT-FIN,FIN-16,Refused check,No unit is sold twice,Screen: In-page refusal says the farm has no free units. No reserved allotment is created. Zoho: LLP_UnitAllocation_Module: no new record. The Zoho guard refuses too.,P1,Must,M11-S07,,,,,,
Finance (Finance Operations),UAT-FIN,FIN-17,Step,Upload the weekly bank statement,"Screen: Each line is matched to a receipt (UTR, amount, date) or listed under 'needs an owner', debits included. A line matching a receipt recorded by someone else sets matched by and matched at. Zoho: Statement file stored in Zoho. Receipts: Matched_By and Matched_At set on matched ones.",P1,Must,"M10-S05, M10-S01",,,,,,
Finance (Finance Operations),UAT-FIN,FIN-18,Step,Read the payments register,"Screen: Register shows received, refunded, net banked and still due. Filters: Everything, Advances, Full and balance, Refunds and forfeits, Not reconciled. UTR reads masked unless revealed. Zoho: Read only.",P2,Must,M10-S01,,,,,,
Finance (Finance Operations),UAT-FIN,FIN-19,Step,Mark a monthly payout paid,"Screen: Schedule shows Scheduled/Paid/Held/Failed/Cancelled. Marked payout reads Paid. TDS is optional, typed by Finance; the app never computes it. Zoho: Investor Payouts: Payout_State = Paid, Paid_On, Payout_Mode, Payout_UTR, Paid_By = Meena, Net = Gross - TDS. Double press writes once.",P1,Must,M10-S20,,,,,,
Finance (Finance Operations),UAT-FIN,FIN-20,Step,Tickets: open and close,Screen: Open shows 7 after the new ticket; closed lists 3. A Bank ticket this seat cannot handle says it needs such a seat and offers no Close it. Zoho: Cases: new record owned by Meena; closed one has status Closed.,P2,Must,"M13-S02, M13-S03",,,,,,
Finance (Finance Operations),UAT-FIN,FIN-21,Step,Publish an investor update,Screen: New update is first in the list and reads 'Sent to <n> investors - everyone on the book'. Screen says the audience and the count at publish time. Zoho: Investor_Updates: audience stored as the rule plus count. Push to the app is logged as sent or 'not delivered yet'.,P2,Must,"M13-S06, M13-S01",,,,,,
Finance (Finance Operations),UAT-FIN,FIN-22,Refused check,Things Finance must not do,"Screen: 'Release the reservation' is not offered. 'Release' and 'Take it back' are not offered. 'Work the KYC' is not offered. PAN is hidden from this profile; bank number masked until a logged reveal. Zoho: Zoho refuses the writes too: farm release fields (Head of Finance only), KYC (Compliance only).",P1,Must,"M08-S04, M11-S04, M03-S08",,,,,,
Head of Finance,UAT-HOF,HOF-01,Step,Sign in and read the figures,"Screen: Today reads ""Harsha's day"". Banked to date, balance outstanding, units reserved of released and tickets open agree with the seed. Recorded-but-unmatched money is not counted. No lead-side switch unless she also holds a lead seat. Zoho: Read only.",P1,Must,"M03-S01, M05-S06, M05-S07",,,,,,
Head of Finance,UAT-HOF,HOF-02,Step,Match what is still pending,"Screen: Each pending row (IR claims; statement lines that did not auto-match) offers 'Match it'; Meena's own receipts are already matched. A refund needs your second hand (D22). After matching: banked to date rises by the amount, the allotment's Payment_Status is recomputed, the lead's gate opens on the IR's next read. Zoho: Receipts: Match_State = Matched, Matched_By = Harsha, Matched_At set (items you matched). Allotment: Payment_Status = Partial or Full. Lead gate fields set. money.confirmed sent.",P1,Must,"M10-S02, M08-S02, M10-S07",,,,,,
Head of Finance,UAT-HOF,HOF-03,Step,First matched advance opens the app account on hold,"Screen: App account shows tentative and the header shows reserved. Hold runs 30 days out (Asia/Kolkata). App card reads 'On hold - data synced, sign-in locked'. No welcome email is sent. A receipt that is only recorded opens nothing. Zoho: Lead: account_opened_at and advance_confirmed_at in the same save. Contact: App_Access = Hold. account.opened pushed to the app; delivery result logged.",P1,Must,"M08-S08, M10-S02, M10-S21",,,,,,
Head of Finance,UAT-HOF,HOF-04,Step,Read holds and the farm shelf,"Screen: Holds by days left with units, farm and balance due, and total forfeit exposure. Each farm shows free units of total. Banner reads '₹22.5 L due in 21 days. The hold ends 23 Sep. A lapse forfeits ₹50,000 and puts 1 unit back on the farm.' (before the match). Zoho: Read only. Deadline computed once in Asia/Kolkata from the advance receipt.",P2,Must,"M08-S04, M11-S03",,,,,,
Head of Finance,UAT-HOF,HOF-05,Step,Extend a running hold,Screen: The extension goes to the Zoho approval process and shows as pending approval. Zoho: Hold: extension pending in the approval process. hold.changed 'extended' sent.,P2,Must,"M08-S04, M01-S10",,,,,,
Head of Finance,UAT-HOF,HOF-06,Step,Release a lapsed reservation,"Screen: In-page confirm states the forfeit and the refund. On confirm the allotment becomes Cancelled; the refund waits for the Zoho approval as 'pending approval'. Units return to the farm. Zoho: Allotment: Allocation_Status = Cancelled. Receipts: refund pending, Reversal_Of set. A Cancelled allotment takes no new receipt except a refund.",P1,Must,"M08-S04, M01-S10, M10-S07",,,,,,
Head of Finance,UAT-HOF,HOF-07,Step,Allot on the verified allocation letter (Prakash Bhat),Screen: Allotment reads Issued: 'Allotted. The units are theirs and the allocation letter is on file.' Farms shows the new allotted count. The IR's lead shows rung 7 on its next read. Zoho: Allotment: Allocation_Status = Issued by the lifecycle transition (a direct write is refused). allotment.done sent.,P1,Must,M11-S05,,,,,,
Head of Finance,UAT-HOF,HOF-08,Refused check,Allotment refused while money is outstanding,Screen: In-page refusal: he cannot be allotted yet because the balance is still outstanding. Marking Issued asks on screen and names the amount. He stays reserved. Zoho: Allotment unchanged. Zoho refuses a direct write of Allocation_Status.,P1,Must,"M11-S05, M01-S07",,,,,,
Head of Finance,UAT-HOF,HOF-09,Step,Block a signed paper,Screen: Reason is mandatory. Agreement_Signed and the IR's gate clear together. The IR's paperwork row shows the block and reason. Zoho: Allotment: Agreement_Signed = false; block reason recorded.,P2,Must,M12-S07,,,,,,
Head of Finance,UAT-HOF,HOF-10,Step,Release units and refuse a take-back,"Screen: Release: the farm reads more released, all free. Take back: in-page refusal names the 29 units held; the farm stays released. Zoho: LLP_Creation_Module: released units updated by Harsha only. No change on the refusal.",P1,Must,"M11-S04, M01-S07",,,,,,
Head of Finance,UAT-HOF,HOF-11,Step,Send welcome and unlock the app,"Screen: Card reads 'Welcome sending...' then 'Welcome delivered <time> · Email'. After lock: 'Locked - sign-in blocked'. The welcome never goes out on its own. Zoho: Contact: App_Access = Invite, App_Welcome_At set; then Hold again. Zoho field history shows who and when. Activity shows it.",P1,Must,"M10-S21, M08-S08",,,,,,
Head of Finance,UAT-HOF,HOF-12,Step,Reveal an identity value with step-up,"Screen: First asks 'Why do you need it?' with the three reasons. The value shows only after step-up and masks again on hide, sign-out or change of person. After 3 failures the fourth is locked and Sahil and Pradeep are alerted. Zoho: Plane C log: person, record, field, reason, outcome. Activity first row reads 'Revealed a PAN' with the value masked. No PAN in any other log.",P1,Must,"M01-S10, M15-S05",,,,,,
Head of Finance,UAT-HOF,HOF-13,Step,Read Activity and Investors-side Numbers,"Screen: Activity lists actions on investors, allotments, payments, documents and tickets in her scope. Collection shows the money figures. Zoho: Read only.",P2,Must,"M15-S03, M16-S09",,,,,,
Head of Finance,UAT-HOF,HOF-14,Step,Read the Investors-side seats in Teams,"Screen: Investors-side seats section lists Finance, Account Management, Farm ops and viewer seats with team and seat. Zoho: Read from Zoho roles.",P2,Must,M17-S01,,,,,,
Head of Finance,UAT-HOF,HOF-15,Step,Close a ticket handed over by a KAM,Screen: Ticket is listed with Close it. Zoho: Cases: owner = Harsha; status Closed.,P2,Must,"M13-S04, M13-S03",,,,,,
Key Account Manager (KAM),UAT-KAM,KAM-01,Step,Sign in and read Today,"Screen: Today reads ""Imran's day"" with '4 accounts · 5 waiting on you'. Tiles: gone quiet, accounts you hold, tickets open on you, conversations logged. No banked or outstanding figure. No Lead side switch. Zoho: KAM role and profile, under Head of AM.",P1,Must,"M03-S01, M05-S08",,,,,,
Key Account Manager (KAM),UAT-KAM,KAM-02,Step,See only your own accounts,"Screen: Heading 'My accounts', '4 under care', exactly the 4 seeded names. No Paid, Due or KYC column. Zoho: Contacts: Zoho returns only Contacts where KAM = Imran (Private sharing plus record share).",P1,Must,"M09-S02, M03-S07",,,,,,
Key Account Manager (KAM),UAT-KAM,KAM-03,Refused check,Another KAM's accounts and unallotted investors do not appear,Screen: Nobody matches. The address does not open. Nothing is read from Zoho for it. Zoho: No read. Refusal logged.,P1,Must,"M09-S02, M09-S07, M03-S07",,,,,,
Key Account Manager (KAM),UAT-KAM,KAM-04,Step,Open an account: care sections only,"Screen: Sections: Who they are, What they hold, Care, Journey, Tickets. No Money, no Paper. 'Change their details' is offered. Offered 'Log a conversation', not 'Name a manager' or 'Move the account'. Zoho: Read on Contact and allotment through the record share.",P1,Must,"M09-S03, M03-S07, M09-S04",,,,,,
Key Account Manager (KAM),UAT-KAM,KAM-05,Refused check,"No money, no identity: sweep every page and drawer","Screen: No rupee amount, PAN, Aadhaar reference or bank number anywhere. PAN, Aadhaar and Bank read 'Finance only'. KYC reads only 'clear' or 'with Finance'. UTR reads 'Finance only'. Zoho: Zoho FLS hides the fields from the KAM profile. Tester also opens the same Contact in Zoho as Imran and confirms the fields are not shown.",P1,Must,"TC-IM12-012, M03-S07, M03-S08, M10-S01, M16-S09",,,,,,
Key Account Manager (KAM),UAT-KAM,KAM-06,Step,Log a conversation,"Screen: Saved and counted on the next read (the 'conversations logged' tile goes up). Zoho: Touches: one record on the Contact by Imran (channel, time, note).",P1,Must,"M05-S08, M09-S04",,,,,,
Key Account Manager (KAM),UAT-KAM,KAM-07,Step,Read your tickets,Screen: Exactly Imran's 3 tickets. FIRC (Compliance's) is not listed. Neha's are not listed. Zoho: Cases: read through the hierarchy predicate.,P1,Must,M13-S02,,,,,,
Key Account Manager (KAM),UAT-KAM,KAM-08,Step,Hand a bank ticket to Finance and keep watching,"Screen: Row reads 'handed to Harsha by Imran' and offers no Close it. The cheque is filed as a personal document on the Contact and Imran cannot open it. Zoho: Cases: owner = Harsha, handed-by = Imran. Contact personal slot holds the cheque, not the Case.",P1,Must,M13-S04,,,,,,
Key Account Manager (KAM),UAT-KAM,KAM-09,Refused check,Cannot close a ticket that is not yours,Screen: Refused on screen. Ticket unchanged. Zoho: Cases unchanged. Refusal logged.,P1,Must,"M13-S03, M13-S02",,,,,,
Key Account Manager (KAM),UAT-KAM,KAM-10,Step,Investor request arrives as a ticket and gets a reply,"Screen: One ticket appears, owned by Imran. The thread shows. The reply is stored; if the app does not acknowledge, it reads 'Reply not delivered yet'. Zoho: Cases: one record (idempotent on app_request_id). case.replied pushed via the contract.",P2,Must,"M13-S05, M13-S01",,,,,,
Key Account Manager (KAM),UAT-KAM,KAM-11,Refused check,Pages and buttons a KAM must not have,"Screen: No Payments page. No Send or Verify on documents; documents only for investors Imran manages. Publish offers only Produce and Notice. Numbers offers only Service and no rupee amount. App-access card is read-only and says Finance controls app access. Zoho: Zoho refuses KAM writes to Receipts, statements and sign fields. A KAM token on a money Numbers route is refused and logged.",P1,Must,"M10-S01, M12-S03, M12-S04, M13-S06, M16-S09, M10-S21",,,,,,
Key Account Manager (KAM),UAT-KAM,KAM-12,Step,Own Activity only,Screen: Only Imran's own entries. Zoho: Read only.,P2,Must,M15-S03,,,,,,
Head of Account Management,UAT-HAM,HAM-01,Step,Sign in and read Today,Screen: Vikram Anand is listed 'Tier B and nobody is looking after them' with 'Assign manager'. No banked or outstanding figure. Zoho: AM Head role and profile under BU Owner.,P1,Must,"M03-S01, M05-S08",,,,,,
Head of Account Management,UAT-HAM,HAM-02,Step,Read the whole book,"Screen: 13 allotted accounts including the pool are listed. 'No manager' lists only Vikram Anand. No Paid, Due or KYC column. Zoho: Read on Contacts through the role tree.",P1,Must,M09-S02,,,,,,
Head of Account Management,UAT-HAM,HAM-03,Step,Name a manager,"Screen: Each KAM is shown with account count and how many have gone quiet. After: Manager reads Neha Bhandari and Handed over reads 'never introduced'. Move is logged with both names. Zoho: Contacts: KAM = Neha, intro_at cleared. Record shares: Neha gets Contact, allotments and Touches read-write; the old KAM's share is removed.",P1,Must,"M09-S04, M03-S07",,,,,,
Head of Account Management,UAT-HAM,HAM-04,Step,Assign the new investor to Imran,Screen: Manager reads Imran Sheikh. Imran sees the investor on his next sign-in (KAM-02). Zoho: Contacts: KAM = Imran. Shares as above.,P1,Must,M09-S04,,,,,,
Head of Account Management,UAT-HAM,HAM-05,Step,Move an account and check the old KAM loses it,"Screen: Imran's list drops to the remaining accounts. Neha's list gains it, with the history from lead to investor. Zoho: Old KAM share removed; new KAM share added; Touches follow the share.",P1,Must,"M09-S04, M03-S07",,,,,,
Head of Account Management,UAT-HAM,HAM-06,Step,Read tickets and Numbers,"Screen: Tickets in the team's scope. Numbers offers only the Service section, no rupee amount. Zoho: Read only.",P1,Must,"M13-S02, M16-S09",,,,,,
Head of Account Management,UAT-HAM,HAM-07,Step,Publish a Produce or Notice update,Screen: Only Produce and Notice kinds are offered. Statements and compliance are Finance's. Zoho: Investor_Updates: record with kind and audience.,P2,Must,M13-S06,,,,,,
Head of Account Management,UAT-HAM,HAM-08,Refused check,"No money, no paper, no seat changes",Screen: No Payments page. Investor page shows no Money or Paper. Teams says read only and offers no seat control. Zoho: Zoho refuses receipt and sign writes.,P1,Must,"M10-S01, M09-S03, M17-S01",,,,,,
Compliance and Audit (KYC),UAT-CMP,CMP-01,Step,Sign in,"Screen: Admitted on the Investors side. Rail matches the seat matrix. Zoho: Compliance & Audit role under Head of Finance, one profile for the merged seat (D78).",P1,Must,"M03-S01, M18-S02",,,,,,
Compliance and Audit (KYC),UAT-CMP,CMP-02,Step,Pass a pending KYC,Screen: 'Work the KYC' is offered and the drawer offers 'Pass it' and 'Fail it'. After: KYC reads passed. Zoho: Contacts: kyc_status written by the Compliance profile.,P1,Must,M03-S08,,,,,,
Compliance and Audit (KYC),UAT-CMP,CMP-03,Step,Fail a passed KYC after a confirm,Screen: An in-page confirm shows the consequence and runs only on the explicit confirm button. Zoho: Contacts: kyc_status = failed.,P1,Must,"M03-S08, M01-S07",,,,,,
Compliance and Audit (KYC),UAT-CMP,CMP-04,Step,Reveal a PAN with a reason,"Screen: Value shows after step-up and masks again on hide or sign-out. Activity reads 'Revealed a PAN'. Zoho: Plane C log holds person, record, field, reason. PAN visible to this profile in Zoho (ACCESS-PLAN section 3).",P1,Must,"M01-S10, M15-S05",,,,,,
Compliance and Audit (KYC),UAT-CMP,CMP-05,Refused check,Compliance cannot write money,"Screen: No 'Record a receipt', no 'Match it', no statement upload. Receipts are readable. Bank numbers stay masked or hidden. Zoho: Zoho refuses Receipts create and edit for this profile.",P1,Must,"M10-S01, M10-S02, M10-S05",,,,,,
Compliance and Audit (KYC),UAT-CMP,CMP-06,Refused check,A Bank ticket has no Close it here,Screen: Row says it needs a seat that can see bank accounts and offers no Close it. Zoho: Cases unchanged.,P2,Must,M13-S03,,,,,,
Compliance and Audit (KYC),UAT-CMP,CMP-07,Step,Read your own tickets and the FEMA row,Screen: FIRC (Fahad's) is listed. FEMA outstanding clears once the declaration is completed. Zoho: Read; FEMA fields on Contact.,P2,Must,"M13-S02, M12-S06",,,,,,
Compliance and Audit (KYC),UAT-CMP,CMP-08,Refused check,Finance cannot work KYC (Meena),Screen: 'Work the KYC' is not offered. A KAM or IR sees only 'clear' or 'with Finance'. Zoho: Zoho refuses a kyc_status write from any profile but Compliance.,P1,Must,M03-S08,,,,,,
Compliance and Audit (KYC),UAT-CMP,CMP-09,Step,Read Activity,"Screen: Actions on investors, allotments, payments, documents and tickets in scope. Identity events show as events; investor details withheld where this seat lacks the right. Zoho: Read only.",P2,Must,"M15-S03, M15-S05",,,,,,
Farm operations,UAT-FARM,FARM-01,Step,Sign in on the approved role,Screen: Admitted as the Farm ops seat. Seat shown matches the Zoho role. A role name that is not in the policy is refused at sign-in. Zoho: the role and profile the owner approved. Not Channel Partner.,P1,Must,"M03-S05, M03-S01",,,,,,
Farm operations,UAT-FARM,FARM-02,Step,Read the farm shelf,"Screen: One row per farm with acreage, total, reserved, issued, free units and unit price. Read live from the farm records. Zoho: LLP_Creation_Module read only.",P2,Must,"M11-S01, M11-S03",,,,,,
Farm operations,UAT-FARM,FARM-03,Refused check,Cannot release or take back units,Screen: No 'Release' and no 'Take it back'. Only the Head of Finance has them. Zoho: LLP release fields edit refused by Zoho for this profile.,P1,Must,M11-S04,,,,,,
Farm operations,UAT-FARM,FARM-04,Refused check,No money and no identity,"Screen: No rupee amount, PAN, Aadhaar reference or bank number. Zoho: FLS hides the fields.",P1,Must,"M18-S02, M03-S05",,,,,,
Farm operations,UAT-FARM,FARM-05,Step,Appears in Teams,Screen: Farm ops is listed under Investors-side seats with team and seat. Zoho: Read from Zoho roles.,P2,Must,M17-S01,,,,,,
Digital Infrastructure (Sahil),UAT-DI,DI-01,Step,Sign in on the non-admin profile,"Screen: Console admits Digital Infrastructure. Your Zoho profile is the Digital Infrastructure profile, not Administrator. Marketing, an inactive person and an unknown role are refused at the sign-in list. Zoho: user Sahil, profile = Digital Infrastructure (least privilege), role under CEO. Administrator only on Pradeep and the super admin.",P1,Must,"M03-S05, M03-S01, M02-S04",,,,,,
Digital Infrastructure (Sahil),UAT-DI,DI-02,Step,Every page and both sides,Screen: Every page of both sides is reachable. The switch shows both halves. Drawers on Finance work carry a 'super user' note naming Finance as the doer. Zoho: Read/write as allowed by the profile.,P1,Must,"M18-S02, M05-S06, M08-S02",,,,,,
Digital Infrastructure (Sahil),UAT-DI,DI-03,Refused check,Identity stays hidden from Sahil,"Screen: PAN, Aadhaar and bank numbers are masked or hidden on every page and in Zoho. OWNER TO CONFIRM: D110 says 'including logged reveals'; M01-S10 says 'no reveal is offered' and the profile hides the fields. Tester records what the app does. Zoho: Zoho FLS: identity fields hidden on the DI profile (M02-S04-T02).",P1,Must,"M01-S10, M12-S10, M15-S03",,,,,,
Digital Infrastructure (Sahil),UAT-DI,DI-04,Step,Search the whole org,"Screen: Per D110: leads and investors from every book, phone shown to last 4. The IR wall is unchanged for IR seats (checked in IR-18). NOTE: M06-S03 text still reads 'leads only'; wiring units M06-S03-W2 and M06-S05-W2 carry the D110 change. Zoho: Search runs on Sahil's own token. One Plane B line: searcher, count, scope, no text.",P1,Must,"M06-S03, M06-S05, M03-S02",,,,,,
Digital Infrastructure (Sahil),UAT-DI,DI-05,Step,Read the team's leads and the report,Screen: Leads scope is the whole team's book with an Owner filter. Every IR is listed in the report. Zoho: Read only.,P2,Must,"M06-S01, M16-S01",,,,,,
Digital Infrastructure (Sahil),UAT-DI,DI-06,Step,"Grant a page, read only",Screen: Jhalak reaches only Leads and Profile. She cannot edit or assign. The edit grant is refused because her seat cannot hold it. Removing her last page ends her access and logs it. Zoho: Console grant record. Log line with Sahil's name.,P1,Must,"M03-S02, M17-S02",,,,,,
Digital Infrastructure (Sahil),UAT-DI,DI-07,Step,Change a seat with step-up,Screen: Step-up is asked first. The change is logged with Sahil's name. A manager change that would loop is refused. Zoho: Zoho user manager or role updated by Sahil's token; log line.,P1,Must,"M17-S02, M01-S10",,,,,,
Digital Infrastructure (Sahil),UAT-DI,DI-08,Step,Test the money and paper flows as super user,Screen: Each works for testing and the drawer says Finance is the primary doer. Zoho: Records written by Sahil's own token.,P2,Must,"M12-S04, M11-S04, M09-S09",,,,,,
Digital Infrastructure (Sahil),UAT-DI,DI-09,Step,System health,"Screen: Counts of working, needs attention and not working, with owner and fix per card. Investors side shows Zoho Sign webhook health and investor-app push delivery. Zoho API credits and licence expiry come from the log. Zoho: Read from the operational log.",P1,Must,"M17-S06, M15-S05, M01-S04",,,,,,
Digital Infrastructure (Sahil),UAT-DI,DI-10,Step,Failed-write test,"Screen: The save fails once, shows the retry state, and the retry saves. Exactly one record. Zoho: One record only.",P2,Must,"M17-S06, M01-S08",,,,,,
Digital Infrastructure (Sahil),UAT-DI,DI-11,Step,Read the refusals and logs,"Screen: Refusals from earlier scenarios appear with who, what, when, why. No names, PAN, bank or notes in the log lines. Zoho: Plane B and C hold ids and status only.",P1,Must,"M15-S05, M15-S03, M18-S02",,,,,,
Digital Infrastructure (Sahil),UAT-DI,DI-12,Refused check,Non-Digital seats cannot open System,Screen: In-page refusal. Zoho: Refusal logged.,P1,Must,M17-S06,,,,,,
Digital Infrastructure (Sahil),UAT-DI,DI-13,Step,Isolation spot check,Screen: Each is refused and logged. The second user's page carries no record from the first user's scope. Zoho: No cross-scope read.,P1,Must,"M12-S10, M18-S02",,,,,,
Digital Infrastructure (Sahil),UAT-DI,DI-14,Step,Preview and test link (optional),"Screen: Preview is labelled 'Preview - mock-up, not the live app'. The link is one-time, expires in 10 minutes, nothing is emailed. Audit row appears on System. Zoho: Audit row: who, whom, when, why, when used.",P2,Should,"M10-S22, M10-S23",,,,,,
Digital Infrastructure (Sahil),UAT-DI,DI-15,Step,Push to the app,"Screen: Event is signed and reaches the stub receiver. If the receiver is down it reads 'not delivered yet', never 'delivered'. The same event twice is processed once. Zoho: Delivery result logged. No identity in the payload.",P1,Must,"M13-S01, M17-S06",,,,,,
Digital Infrastructure (Sahil),UAT-DI,DI-16,Step,Run the smoke suite before and after,"Screen: All 6 cases (sign in, Today, open a lead, save a note on a test lead, search, sign out) pass in under 3 minutes. Zoho: Test lead only.",P1,Should,M19-S07,,,,,,
Auditor / viewer,UAT-AUD,AUD-01,Step,Sign in read only,Screen: Top bar shows 'read only'. Waiting on you says nothing is waiting and that the seat is read-only. Zoho: Compliance & Audit / Viewer profile.,P1,Must,"M03-S06, M05-S07",,,,,,
Auditor / viewer,UAT-AUD,AUD-02,Refused check,No write control anywhere,"Screen: No 'Record a receipt', no Send, Verify, Close it, Release, Take it back, Publish, or Waiting on them. Register and Documents are readable. Zoho: Nothing changes.",P1,Must,"M03-S06, M10-S01, M12-S03, M13-S02, M13-S06, M11-S03",,,,,,
Auditor / viewer,UAT-AUD,AUD-03,Refused check,A forced write is refused by Zoho,Screen: Zoho's profile refuses and the console logs the refusal. Zoho: Zoho returns an error. No record changes.,P1,Must,M03-S06,,,,,,
Auditor / viewer,UAT-AUD,AUD-04,Step,Activity shows Finance's entries,"Screen: Every Finance entry is listed, with or without investor ids per the owner's decision. Identity events read 'Identity event' and are counted. Zoho: Read only.",P2,Must,"M15-S03, M15-S05",,,,,,
Auditor / viewer,UAT-AUD,AUD-05,Step,Read Collection if granted,Screen: Collection is readable for a viewer granted Finance read. Zoho: Read only.,P2,Must,M16-S09,,,,,,
Auditor / viewer,UAT-AUD,AUD-06,Refused check,Granted viewer reaches only what was granted,"Screen: Jhalak reaches Leads and Profile only. No edit, no assign, no logging buttons. Zoho: Nothing changes.",P1,Must,"M03-S02, M07-S01",,,,,,
Auditor / viewer,UAT-AUD,AUD-07,Refused check,Identity is not shown,"Screen: No PAN, Aadhaar or bank number. Zoho: FLS hides the fields for this profile except where D78 gives Compliance & Audit PAN and Aadhaar; the console still masks by default.",P1,Must,"M18-S02, M12-S10",,,,,,
