participant (IR1/IR2),seat,task,title,start (hh:mm:ss),end (hh:mm:ss),seconds,target seconds,completed unaided (Y/N),help given (Y/N),stumbles (count),"stumble note (what happened, in their words)",severity (1-3),defect id,observer,notes
IR1,,U1,What to do first and what is due now,,,,60,,,,,,,,
IR1,,U2,Find an investor by the last digits of a mobile,,,,60,,,,,,,,
IR1,,U3,Record a call and set a call-back,,,,180,,,,,,,,
IR1,,U4,Add a lead with WhatsApp permission,,,,180,,,,,,,,
IR1,,U5,"Record NDA told by WhatsApp, then 'They say it's signed'",,,,180,,,,,,,,
IR1,,U6,Report a balance payment to Finance,,,,240,,,,,,,,
IR1,,U7,Find Undo,,,,120,,,,,,,,
IR1,,U8,Show today's actions on Activity,,,,120,,,,,,,,
IR1,,U9,Sign out and leave nothing behind,,,,60,,,,,,,,
IR1,,U10,Free work on Today for 15 minutes: first five items done without help (IR-23),,,,900,,,,,,,,
IR2,,U1,What to do first and what is due now,,,,60,,,,,,,,
IR2,,U2,Find an investor by the last digits of a mobile,,,,60,,,,,,,,
IR2,,U3,Record a call and set a call-back,,,,180,,,,,,,,
IR2,,U4,Add a lead with WhatsApp permission,,,,180,,,,,,,,
IR2,,U5,"Record NDA told by WhatsApp, then 'They say it's signed'",,,,180,,,,,,,,
IR2,,U6,Report a balance payment to Finance,,,,240,,,,,,,,
IR2,,U7,Find Undo,,,,120,,,,,,,,
IR2,,U8,Show today's actions on Activity,,,,120,,,,,,,,
IR2,,U9,Sign out and leave nothing behind,,,,60,,,,,,,,
IR2,,U10,Free work on Today for 15 minutes: first five items done without help (IR-23),,,,900,,,,,,,,
