HDFC BANK Ltd.,,,,,,
Synthetic Fixture Account,,,,,,
Account No :,XXXXXXXX0000,,,,,
Statement From :,22/09/26,To :,28/09/26,,,
,,,,,,
Date,Narration,Chq./Ref.No.,Value Dt,Withdrawal Amt.,Deposit Amt.,Closing Balance
22/09/26,NEFT CR-HDFC0000123-SYNTHETIC PAYER ONE-HDFCN52026092200001,HDFCN52026092200001,22/09/26,,"2,50,000.00","12,50,000.00"
23/09/26,RTGS CR-ICIC0000456-SYNTHETIC PAYER TWO-ICICR52026092300000002,ICICR52026092300000002,23/09/26,,"22,50,000.00","35,00,000.00"
24/09/26,IMPS-526712345678-SYNTHETIC PAYER THREE,526712345678,24/09/26,,"2,50,000.00","37,50,000.00"
24/09/26,NEFT CR-HDFC0000789-SYNTHETIC PAYER FOUR-HDFCN52026092400004,HDFCN52026092400004,24/09/26,,"1,00,000.00","38,50,000.00"
25/09/26,NEFT CR-SBIN0001234-SYNTHETIC UNKNOWN PAYER-SBINN52026092500005,0000000000000000,25/09/26,,"75,000.00","39,25,000.00"
26/09/26,CHRG: NEFT CHARGES INCL GST,000000000000,26/09/26,17.70,,"39,24,982.30"
26/09/26,NEFT DR-HDFC0000123-SYNTHETIC REFUND-HDFCN52026092600007,HDFCN52026092600007,26/09/26,"50,000.00",,"38,74,982.30"
,,,,,,
STATEMENT SUMMARY :-,,,,,,
Opening Balance,Dr Count,Cr Count,Debits,Credits,Closing Bal,
"10,00,000.00",2,5,"50,017.70","29,25,000.00","38,74,982.30",
